hostname,layer,region,cloud_zone,fog_location,cpu_cores,single_core_score,base_single_core_score,memory_GiB,ingress_bandwidth_Mbps,egress_bandwidth_Mbps,uptime_30d_percentage,cost
0,cloud,region-0,region-0-a,,16,1187,1000,64,,,99.6017607488662,2567.870258005552
1,cloud,region-0,region-0-c,,16,1521,1000,32,,,96.99074252243815,3984.7942958418216
2,cloud,region-0,region-0-b,,16,916,1000,64,13478.65901384621,13138.48423148656,98.54686107239492,2583.524845927361
3,cloud,region-0,region-0-a,,16,1687,1000,32,5756.586009800323,4544.60923616612,97.22798345131062,4552.452040529954
4,cloud,region-0,region-0-b,,32,1780,1000,64,,,97.77751587991963,4467.217070798665
5,cloud,region-0,region-0-a,,16,1270,1000,64,,,100.0,2673.983064288662
6,cloud,region-0,region-0-c,,32,962,1000,128,,,98.0,4665.526619484609
7,cloud,region-0,region-0-c,,8,1717,1000,32,,,100.0,2089.3949259883448
8,cloud,region-0,region-0-a,,8,1602,1000,16,,,95.2591773486288,2316.3221253965676
9,cloud,region-0,region-0-c,,4,1490,1000,16,,,95.73509619586277,926.0939080686549
10,cloud,region-0,region-0-c,,8,1042,1000,16,,,96.27364931355064,2032.4225584921207
11,cloud,region-0,region-0-a,,8,1413,1000,16,,,97.5110417215612,2229.814790839221
12,cloud,region-0,region-0-b,,8,1124,1000,16,1736.6423155071468,11569.31717555076,98.44473006507351,2285.350871698414
13,cloud,region-0,region-0-a,,32,1753,1000,64,28657.908393195245,15218.043957592943,99.7407167548565,5082.33890967329
14,cloud,region-0,region-0-b,,32,1531,1000,64,,,99.3566037641543,6688.002534962008
15,cloud,region-0,region-0-c,,8,1272,1000,16,,,96.76741605387848,1529.6147926301226
16,cloud,region-0,region-0-c,,16,1217,1000,32,,,100.0,3510.523927808296
17,cloud,region-0,region-0-a,,4,1442,1000,16,,,97.58976636923468,565.5243291237473
18,cloud,region-0,region-0-a,,16,1001,1000,64,,,100.0,3404.3283851711763
19,cloud,region-0,region-0-c,,32,1402,1000,64,,,99.63671644668798,3988.694230333469
20,cloud,region-0,region-0-c,,32,906,1000,64,,,97.88006599278256,6102.866227846831
21,cloud,region-1,region-1-a,,16,1054,1000,32,,,96.80643555557062,1603.377073919301
22,cloud,region-1,region-1-c,,4,944,1000,16,,,97.89554915505585,558.2822894424137
23,cloud,region-1,region-1-b,,16,1736,1000,32,,,98.52290163690412,4499.393463789969
24,cloud,region-1,region-1-c,,4,1397,1000,16,,,100.0,586.9835965162495
25,cloud,region-1,region-1-c,,16,951,1000,64,,,95.15430701529397,2902.168367884564
26,cloud,region-1,region-1-a,,8,1498,1000,16,8687.253870051536,,98.02795306215502,1099.4184010697202
27,cloud,region-1,region-1-a,,8,933,1000,32,,,97.32238772137782,2379.066620318206
28,cloud,region-1,region-1-b,,32,1538,1000,128,,,97.0667209549892,5629.9180094936
29,cloud,region-1,region-1-c,,4,1480,1000,16,,,98.77704425572064,597.6830702189898
30,cloud,region-1,region-1-b,,16,1489,1000,32,,,98.94926328238276,1895.4459173507191
31,cloud,region-1,region-1-c,,16,1072,1000,64,,,99.43462737145464,2419.216691132939
32,cloud,region-1,region-1-a,,8,1606,1000,32,,,98.0,1664.839917772728
33,cloud,region-1,region-1-b,,8,1759,1000,32,,,99.03294897033834,1678.3239059852708
34,cloud,region-1,region-1-b,,32,1677,1000,128,,,99.52003610884243,5664.011832423271
35,cloud,region-1,region-1-b,,16,1265,1000,64,,,93.5901790147054,3001.495245808249
36,cloud,region-1,region-1-b,,32,1250,1000,64,,,98.0,3286.143496061406
37,cloud,region-1,region-1-a,,8,909,1000,16,,,97.42758991802324,2210.9142704524656
38,cloud,region-1,region-1-a,,8,1140,1000,32,,,97.83967638380764,1593.9818260669465
39,cloud,region-1,region-1-c,,8,1688,1000,16,,,96.27817199100608,1028.9853433682224
40,cloud,region-1,region-1-c,,32,1593,1000,128,,,98.88649005438276,7354.783416472167
41,cloud,region-1,region-1-b,,8,1101,1000,32,,,97.09634537391769,1225.749195489475
42,cloud,region-1,region-1-b,,8,1307,1000,32,,,96.16006530305756,1421.234582907358
43,cloud,region-1,region-1-b,,16,1660,1000,32,,,95.6596540173043,4501.268994044938
44,cloud,region-1,region-1-b,,32,1520,1000,64,17321.391418383686,,100.0,3441.9957690950896
45,cloud,region-1,region-1-b,,4,1339,1000,16,,,96.0,976.4564127631515
46,cloud,region-1,region-1-b,,8,1159,1000,32,,,99.85922821942238,2322.816515190666
47,cloud,region-1,region-1-b,,8,1277,1000,32,,,100.0,1590.2209910860545
48,cloud,region-1,region-1-a,,4,1376,1000,16,,,97.77776469964569,773.370039727738
49,cloud,region-1,region-1-c,,32,1195,1000,128,,,97.82994066647449,9403.206762320628
50,cloud,region-1,region-1-c,,8,958,1000,16,,,99.54667881855646,1540.3809759407422
51,cloud,region-1,region-1-b,,4,1211,1000,16,,,97.91256425136444,1153.5619936612848
52,cloud,region-1,region-1-c,,8,1477,1000,16,,,98.80332041074033,2399.1782682041135
53,cloud,region-1,region-1-a,,16,1211,1000,64,,,98.0,3083.4656865125835
54,cloud,region-1,region-1-c,,4,1435,1000,16,5291.4927722703305,1442.4197211545097,92.79895245757994,457.904941657639
55,cloud,region-1,region-1-c,,8,1756,1000,16,9776.173465413203,1208.2526970528877,98.0,1595.1151511965325
56,cloud,region-1,region-1-a,,16,1608,1000,32,,,98.0,3051.3857481593886
57,cloud,region-1,region-1-a,,8,1539,1000,32,,,97.96845092826128,1430.0088587295277
58,cloud,region-1,region-1-a,,32,1114,1000,64,,,100.0,8963.289471879358
59,cloud,region-1,region-1-a,,32,1738,1000,128,,,97.4788559132664,5358.8187242787
60,cloud,region-1,region-1-a,,32,1671,1000,64,,,99.58656696923396,4986.886962243314
61,cloud,region-1,region-1-b,,8,1255,1000,16,,,97.22802218561124,2336.386016131391
62,cloud,region-1,region-1-a,,16,1055,1000,64,,,98.57271703167618,2876.696287775927
63,cloud,region-1,region-1-b,,32,1401,1000,128,,,98.47782099145996,9365.291761817152
64,cloud,region-1,region-1-c,,8,1785,1000,32,,,96.55209994902712,2017.2696477881464
65,cloud,region-1,region-1-c,,8,1670,1000,16,,,94.54746604973114,2313.3590844976698
66,cloud,region-1,region-1-b,,16,1267,1000,64,,,99.28499327004312,3153.422942407556
67,cloud,region-1,region-1-a,,8,1334,1000,16,,,96.76867197988427,2388.377403859359
68,cloud,region-1,region-1-c,,32,1678,1000,64,,,98.0,8753.141255814615
69,cloud,region-2,region-2-a,,16,1368,1000,64,,,99.27014880752697,3402.2981691038335
70,cloud,region-2,region-2-a,,16,1778,1000,64,,,96.43341094869278,1729.1647698936868
71,cloud,region-2,region-2-b,,16,1116,1000,32,,,99.39169350827618,4519.380647650286
72,cloud,region-2,region-2-b,,16,1396,1000,64,,,99.6674200222498,2922.179819259414
73,cloud,region-2,region-2-b,,8,1746,1000,32,,,98.43536662769986,2399.70215901549
74,cloud,region-2,region-2-b,,4,1800,1000,16,,,98.0,993.7335948737414
75,cloud,region-2,region-2-c,,8,1749,1000,16,,,97.766038425304,1015.2890083360836
76,cloud,region-2,region-2-a,,32,956,1000,64,,,97.74568487326246,9459.85514179257
77,cloud,region-2,region-2-a,,16,1184,1000,64,,,94.3022329407097,3882.336581542936
78,cloud,region-2,region-2-a,,4,1322,1000,16,,,97.92129969824222,1016.9995722680616
79,cloud,region-2,region-2-a,,16,1524,1000,32,,,97.14280192783482,4495.451167668651
80,cloud,region-2,region-2-a,,16,1067,1000,64,,,97.05030934785582,4409.268217706256
81,cloud,region-2,region-2-b,,32,1769,1000,64,,,100.0,5314.333648437748
82,cloud,region-2,region-2-b,,32,1496,1000,128,,,98.79945351983024,5789.413157679685
83,cloud,region-2,region-2-a,,16,1446,1000,64,1091.337407757635,1073.6873913625072,99.09789539368936,4241.411790683904
84,cloud,region-2,region-2-c,,32,1194,1000,128,,,99.62796752541998,6612.719023161995
85,cloud,region-2,region-2-a,,4,1107,1000,16,,,98.51815154945032,988.6429439676232
86,cloud,region-2,region-2-a,,8,919,1000,16,,,97.6459155724304,1781.867041596381
87,cloud,region-2,region-2-b,,32,1228,1000,64,,,93.3202281346234,8626.688939706484
88,cloud,region-2,region-2-b,,8,1039,1000,16,,,97.47707774600282,1383.0448243679757
89,cloud,region-2,region-2-a,,8,986,1000,16,,,98.95682388092608,1974.9822161101456
90,cloud,region-2,region-2-c,,8,1317,1000,16,,,95.43234564412688,1360.6786326385484
91,cloud,region-2,region-2-b,,8,1040,1000,16,,,98.2331772980205,2274.0086136206214
92,cloud,region-2,region-2-b,,8,1614,1000,16,,,98.0,2253.952595626699
93,cloud,region-2,region-2-b,,8,1085,1000,32,,,99.8078242845774,2140.138997258153
94,cloud,region-2,region-2-b,,32,1418,1000,64,,,100.0,8336.951542877021
95,cloud,region-2,region-2-a,,16,1355,1000,64,,,98.23894029938526,2505.7255783353016
96,cloud,region-2,region-2-b,,8,1149,1000,16,,,99.20300853538404,1907.9743596948076
97,cloud,region-2,region-2-a,,8,1315,1000,32,,,95.0523937100108,1826.348781500176
98,cloud,region-2,region-2-c,,8,1029,1000,16,,,97.69202913506466,2024.605419894424
99,cloud,region-2,region-2-c,,16,1088,1000,32,,,98.25294236797326,2075.3755163174887
100,cloud,region-2,region-2-c,,4,1724,1000,16,,,100.0,947.752292122518
101,cloud,region-2,region-2-b,,16,1476,1000,64,,,97.93338143981318,4380.0301109407965
102,cloud,region-2,region-2-c,,8,1028,1000,32,,,96.29001942127609,1954.030255742851
103,cloud,region-2,region-2-a,,8,1654,1000,32,2055.6316992769443,8332.866544335842,96.49006007288368,1743.7043171799874
104,cloud,region-2,region-2-c,,4,1324,1000,16,,,97.69989087884878,759.5686006379183
105,cloud,region-2,region-2-a,,32,1537,1000,64,,,99.31334589567952,8904.514290626896
106,cloud,region-2,region-2-a,,32,1045,1000,64,30028.570280548865,25765.40689164493,100.0,7707.800853943726
107,cloud,region-2,region-2-a,,16,1270,1000,64,,,99.39132252160002,3129.0652598861993
108,cloud,region-2,region-2-a,,32,952,1000,64,,,93.75295135345776,6863.1833878520065
109,cloud,region-2,region-2-b,,32,996,1000,128,,,100.0,4840.688029131819
110,cloud,region-2,region-2-b,,8,1576,1000,16,,,99.43694034374032,1631.1888216639709
111,cloud,region-3,region-3-b,,16,1008,1000,64,3028.118286689871,8834.887356424511,98.0,4575.271348233454
112,cloud,region-3,region-3-b,,8,1271,1000,32,,,97.7225537523827,1068.8578771956627
113,cloud,region-3,region-3-a,,8,1158,1000,32,2551.751448333103,7098.626373618735,100.0,1070.9225549011965
114,cloud,region-3,region-3-a,,16,1105,1000,32,,,97.80891104091012,2788.895418390087
115,cloud,region-3,region-3-a,,16,1638,1000,64,,,98.6855400319204,2147.380172357277
116,cloud,region-3,region-3-a,,32,1393,1000,64,,,98.0,6869.476045980746
117,cloud,region-3,region-3-a,,8,1107,1000,16,,,98.26484959613816,1102.644424951376
118,cloud,region-3,region-3-c,,8,1045,1000,16,,,100.0,2204.766797571258
119,cloud,region-3,region-3-c,,32,1529,1000,128,10387.702928359276,29763.32142733484,97.83831197379652,4061.3389039692447
120,cloud,region-3,region-3-b,,8,956,1000,16,,,100.0,1655.4962171882144
121,cloud,region-3,region-3-b,,8,1145,1000,16,,,98.0,962.6646172624976
122,cloud,region-3,region-3-a,,8,1453,1000,16,,,99.46170511315134,1433.7572637346989
123,cloud,region-3,region-3-a,,4,1435,1000,16,,,99.77456303684608,791.8649225908821
124,cloud,region-3,region-3-a,,16,1233,1000,32,,,100.0,2426.6028191998103
125,cloud,region-3,region-3-c,,16,1517,1000,64,,,95.21583701442589,3395.4837700448174
126,cloud,region-3,region-3-c,,32,950,1000,64,,,99.37101101412838,5522.003749200128
127,cloud,region-3,region-3-b,,8,994,1000,32,,,93.06281776564454,1802.2979838449007
128,cloud,region-3,region-3-c,,8,950,1000,16,,,99.3939919915428,1093.4406166522206
129,cloud,region-3,region-3-c,,8,1261,1000,16,,,98.32613682076072,1479.4354548653005
130,cloud,region-3,region-3-b,,8,1385,1000,16,,,100.0,873.9809317621311
131,cloud,region-3,region-3-c,,8,1038,1000,16,,,99.97746102360004,1856.4734693444295
132,cloud,region-3,region-3-a,,32,1346,1000,64,,,100.0,4412.791711828986
133,cloud,region-3,region-3-b,,16,1260,1000,32,,,97.3451579866592,3376.5200105850195
134,cloud,region-3,region-3-b,,4,1054,1000,16,,,95.15596934766444,835.3453142418205
135,cloud,region-3,region-3-a,,16,1156,1000,32,,,97.38950675696358,4675.0272280995505
136,cloud,region-3,region-3-c,,16,1102,1000,32,,,99.83264850876569,2643.1295219151607
137,cloud,region-3,region-3-b,,32,1071,1000,128,,,96.90636658245369,8386.946256425776
138,cloud,region-3,region-3-b,,8,1603,1000,16,,,100.0,935.9085845803252
139,cloud,region-3,region-3-b,,16,1079,1000,64,,,98.0,1715.6592439442836
140,cloud,region-3,region-3-b,,4,1295,1000,16,,,96.82969212714814,865.5707566994058
141,cloud,region-3,region-3-c,,32,1464,1000,128,,,97.49351842791582,8988.418737192802
142,cloud,region-3,region-3-a,,32,1137,1000,128,,,98.43080343678812,4934.3373411125185
143,cloud,region-3,region-3-c,,16,1695,1000,64,,,100.0,2342.3117505410137
144,cloud,region-3,region-3-a,,8,1602,1000,16,,,98.87658994931816,1995.205800215029
145,cloud,region-3,region-3-b,,16,1371,1000,32,,,97.35584148638308,4139.263990973672
146,cloud,region-3,region-3-b,,8,1446,1000,32,,,99.54496259741816,2230.971151120899
147,cloud,region-3,region-3-a,,16,1662,1000,32,,,97.1513963073688,4619.489791306756
148,cloud,region-3,region-3-c,,16,1080,1000,32,,,95.16750416793424,3284.3139592785365
149,cloud,region-3,region-3-c,,32,1510,1000,64,,,98.20308442596784,3769.830050017664
150,fog,region-3,,fog_location-0,4,925,1000,8,,,96.59991459020516,444.49559735199136
151,fog,region-3,,fog_location-0,2,988,1000,8,,,100.0,536.6260524549324
152,fog,region-1,,fog_location-1,2,834,1000,8,,,96.7564710455616,218.8430133927306
153,fog,region-1,,fog_location-1,2,1197,1000,8,2425.4745863359226,1821.62433676882,91.59773364050194,494.2921688164995
154,fog,region-1,,fog_location-1,2,697,1000,8,,,96.91720006842198,339.69835234784375
155,fog,region-0,,fog_location-2,4,624,1000,16,427.26550091211874,3737.045709464623,99.40931147232808,921.7901297527922
156,fog,region-0,,fog_location-2,2,856,1000,4,,,85.02858383746118,571.7995584269621
157,fog,region-3,,fog_location-3,4,1046,1000,16,5463.9765978342475,1339.0223289126698,94.7018516938466,655.5047800104962
158,fog,region-3,,fog_location-3,4,917,1000,16,102.7263644741028,5772.89863864765,93.60416985582604,707.4454106362314
159,fog,region-3,,fog_location-3,2,549,1000,8,,,89.20567761751911,268.39617513062666
160,fog,region-3,,fog_location-4,4,963,1000,16,871.575055261146,2764.31153780208,94.10332144519184,430.0727051844213
161,fog,region-3,,fog_location-4,4,1115,1000,8,,,88.40026596212864,928.5792741167064
162,fog,region-0,,fog_location-5,4,1158,1000,16,,,97.68012463335504,811.2728723058847
163,fog,region-0,,fog_location-5,2,586,1000,8,,,88.0226602191257,220.01424707333243
164,fog,region-0,,fog_location-5,4,876,1000,8,3060.914572902888,781.011477009268,99.78200378017009,459.2438835338285
165,fog,region-0,,fog_location-5,4,725,1000,8,4014.144450034395,3156.7157046591924,93.63671559711712,972.787631786826
166,fog,region-3,,fog_location-6,2,955,1000,4,,,94.62137214670716,335.72932487881656
167,fog,region-3,,fog_location-6,4,538,1000,8,,,100.0,483.9033311039715
168,fog,region-3,,fog_location-6,4,839,1000,16,,,100.0,1022.293958192339
169,fog,region-1,,fog_location-7,4,1027,1000,16,,,100.0,1167.797452409464
170,fog,region-1,,fog_location-7,4,588,1000,8,4971.88831706864,3699.1525415738065,95.23322724436096,809.1086372868003
171,fog,region-1,,fog_location-7,2,920,1000,4,,,93.05921573476886,260.20908434407403
172,fog,region-2,,fog_location-8,4,524,1000,8,,,94.91472189542544,433.6656957890963
173,fog,region-2,,fog_location-8,2,879,1000,8,,,95.52671558550524,589.0775436134531
174,fog,region-2,,fog_location-8,4,1018,1000,8,,,95.21358480936324,420.3662124614881
175,fog,region-0,,fog_location-9,2,689,1000,8,,,89.53339501459264,557.8939141014703
176,fog,region-0,,fog_location-9,2,1054,1000,8,,,93.37036978924608,460.37213109464625
177,fog,region-0,,fog_location-9,4,601,1000,16,5941.628284030502,4873.491649372988,97.2282495529856,528.9719475197357
178,fog,region-0,,fog_location-9,2,850,1000,8,,,98.0,549.785596871377
179,fog,region-2,,fog_location-10,4,824,1000,8,,,98.0,1024.5447228132764
180,fog,region-2,,fog_location-10,4,875,1000,16,1452.0389047666122,660.2065681361811,94.4214476300732,884.5317837505385
181,fog,region-2,,fog_location-11,2,910,1000,8,,,96.07256095903256,402.7895014340413
182,fog,region-2,,fog_location-11,2,965,1000,4,,,98.0,384.67802289151393
183,fog,region-2,,fog_location-11,2,717,1000,8,,,95.97104444298142,265.3227363610697
184,fog,region-2,,fog_location-12,4,1006,1000,16,,,97.21338325273145,1020.2246041063324
185,fog,region-2,,fog_location-12,4,685,1000,16,5253.906637061119,5434.195659648597,93.29211549666311,804.5026428756228
186,fog,region-0,,fog_location-13,2,509,1000,8,,,95.2328530917731,464.2193532904878
187,fog,region-0,,fog_location-13,2,874,1000,4,1898.2886155099393,1601.1735490033604,96.43770755637443,333.96111061632314
188,fog,region-0,,fog_location-13,2,1037,1000,4,,,94.86188486431467,232.49117145803888
189,fog,region-0,,fog_location-13,4,941,1000,16,,,98.0,747.2002006004647
190,fog,region-0,,fog_location-14,2,586,1000,4,,,92.12103402135716,471.2905534213926
191,fog,region-0,,fog_location-14,4,608,1000,16,,,100.0,439.30622153156673
192,fog,region-0,,fog_location-14,4,626,1000,16,3158.002743457341,5424.399998340191,99.69129567061005,900.3249409390353
193,fog,region-0,,fog_location-14,4,928,1000,8,,,91.65461121502716,1178.7496728731194
194,fog,region-1,,fog_location-15,2,994,1000,4,,,94.65281018169578,418.8979206900104
195,fog,region-1,,fog_location-15,2,985,1000,8,,,90.39795239218006,347.8974104842167
196,fog,region-1,,fog_location-15,4,778,1000,16,,,89.3627823907162,752.9616738837848
197,fog,region-1,,fog_location-15,4,1064,1000,8,,,89.07157262126115,915.9852556591128
198,fog,region-1,,fog_location-16,4,1140,1000,8,,,87.45146954434168,1100.762703490799
199,fog,region-1,,fog_location-16,4,996,1000,16,,,91.46031322627252,826.9300135942103
200,fog,region-1,,fog_location-16,4,924,1000,8,5684.425613544888,1160.788085082328,92.40310539997564,1103.8250402520002
201,fog,region-1,,fog_location-16,4,1086,1000,8,,,92.68313902483398,457.3164327366121
202,fog,region-3,,fog_location-17,4,930,1000,16,4221.8094413710505,5742.58703390224,93.96769518400542,1172.1492118222668
203,fog,region-3,,fog_location-17,4,960,1000,8,5505.636761595102,2916.792647948444,95.50565848736557,910.7046250390152
204,fog,region-3,,fog_location-17,2,1032,1000,4,,,94.49164703307648,386.5810345916032
205,fog,region-3,,fog_location-17,2,946,1000,4,2752.446942032328,434.2324585800056,92.95691980019032,297.99173257960945
206,fog,region-2,,fog_location-18,4,958,1000,8,5697.216774028946,468.3848292798776,99.79546542036448,779.0236118566476
207,fog,region-2,,fog_location-18,2,748,1000,8,,,90.7920134716909,334.9509968122003
208,fog,region-2,,fog_location-18,2,888,1000,8,,,94.6490286883432,599.6404585292323
209,fog,region-2,,fog_location-18,2,1187,1000,8,269.41783286684927,1401.010162188943,95.1438469804822,468.153475627904
210,fog,region-3,,fog_location-19,4,1095,1000,16,,,97.34482838941425,1196.8417433006657
211,fog,region-3,,fog_location-19,4,689,1000,8,5148.47302733997,5480.454299846557,94.32920102631466,955.233203597139
212,fog,region-2,,fog_location-20,4,598,1000,8,,,94.88168749745029,931.5219784754878
213,fog,region-2,,fog_location-20,2,1083,1000,8,1033.864362285105,1154.9871607619082,96.9483356974013,590.7551019224342
214,fog,region-2,,fog_location-20,4,1187,1000,16,,,92.13064983710116,470.7560426285429
215,fog,region-0,,fog_location-21,4,1153,1000,16,,,92.77748632368775,401.5975424844752
216,fog,region-0,,fog_location-21,4,611,1000,8,,,91.2768962784686,884.3688150775428
217,fog,region-0,,fog_location-21,2,1107,1000,4,2340.5090924818815,930.4417714409008,92.46341112646176,232.87081684559712
218,fog,region-0,,fog_location-21,2,1116,1000,4,,,96.0,373.9168543654208
219,fog,region-0,,fog_location-22,2,1198,1000,4,,,97.21929289252944,269.6631031221502
220,fog,region-0,,fog_location-22,4,936,1000,16,445.6013698201159,3324.5413826450513,92.94919922095102,1124.3602486472762
221,fog,region-0,,fog_location-22,2,1026,1000,4,,,98.20879637428882,407.20219628007465
222,fog,region-0,,fog_location-22,2,986,1000,8,2710.1397934716424,1424.8682860588065,93.22739628750804,366.0092747815471
223,fog,region-0,,fog_location-23,4,1105,1000,16,1083.3274445922475,4779.196521832123,98.82753552110808,548.6776022834446
224,fog,region-0,,fog_location-23,2,662,1000,8,1082.42757515638,1326.6389255966258,92.10788512603476,506.20795668194813
225,fog,region-0,,fog_location-23,2,981,1000,4,,,96.6385025514495,521.2936128104294
226,fog,region-0,,fog_location-23,4,1142,1000,16,,,93.40314314826016,674.5186365415309
227,fog,region-2,,fog_location-24,4,971,1000,16,,,92.34683725758654,762.7048302504191
228,fog,region-2,,fog_location-24,4,791,1000,16,2376.3529460093714,3750.013670492854,94.65742908188064,1091.6940883513662
229,fog,region-2,,fog_location-24,4,575,1000,8,2155.981021367535,5151.314603085598,90.3467292782953,783.6573989513981
230,fog,region-1,,fog_location-25,2,505,1000,8,,,99.20500489887914,266.462774442002
231,fog,region-1,,fog_location-25,2,502,1000,8,,,94.27253041582208,307.95206639431603
232,fog,region-2,,fog_location-26,4,1178,1000,8,4178.9524878667535,1373.761734650271,94.48801232950066,672.727521510978
233,fog,region-2,,fog_location-26,4,781,1000,8,,,92.84521633759326,1189.72406534818
234,fog,region-0,,fog_location-27,4,617,1000,16,,,94.73623400177716,965.4974534976168
235,fog,region-0,,fog_location-27,2,1161,1000,8,,,96.98824625431952,321.2744195799944
236,fog,region-0,,fog_location-27,2,592,1000,4,,,95.21877114058302,494.63033687148805
237,fog,region-0,,fog_location-27,4,786,1000,16,,,100.0,1112.4925579706808
238,fog,region-1,,fog_location-28,2,945,1000,8,,,96.76087543143552,259.8075692389585
239,fog,region-1,,fog_location-28,4,845,1000,16,,,90.47116407697916,442.9891404902462
240,fog,region-0,,fog_location-29,4,540,1000,16,,,93.0128216349852,1043.5442392492796
241,fog,region-0,,fog_location-29,2,518,1000,4,,,99.81785571414122,388.4026571610906
242,fog,region-0,,fog_location-29,2,741,1000,4,,,92.19538586534894,448.1138006945341
243,fog,region-2,,fog_location-30,2,677,1000,4,,,95.11892262728176,292.80086037168826
244,fog,region-2,,fog_location-30,4,736,1000,16,,,95.89293961875129,1189.2820441350118
245,fog,region-2,,fog_location-30,2,1074,1000,8,,,93.2689882851337,239.68303866535993
246,fog,region-2,,fog_location-31,2,851,1000,4,,,98.0,374.94296808254063
247,fog,region-2,,fog_location-31,2,840,1000,4,,,94.3242104361908,520.1310939583016
248,fog,region-2,,fog_location-31,2,1161,1000,4,,,94.6562527387929,225.97819255453845
249,fog,region-2,,fog_location-32,4,1133,1000,8,,,91.29188584056456,511.05952634564113
250,fog,region-2,,fog_location-32,4,859,1000,8,,,93.8393472590352,700.3796593906696
251,fog,region-2,,fog_location-32,2,1077,1000,8,,,90.11256225293108,388.8196758061408
252,fog,region-3,,fog_location-33,4,584,1000,8,3331.9290245697334,3230.670042034694,91.49015595594317,844.6264222433936
253,fog,region-3,,fog_location-33,4,506,1000,8,,,97.2544087496121,1113.47554487426
254,fog,region-3,,fog_location-33,2,1035,1000,4,,,91.10744964630504,275.55164934352183
255,fog,region-1,,fog_location-34,4,568,1000,8,3617.742016750145,5493.36205211157,97.8642991320684,918.7557359148792
256,fog,region-1,,fog_location-34,4,622,1000,8,,,94.80858477708496,1100.819459277195
257,fog,region-1,,fog_location-34,2,989,1000,8,,,93.8289796389557,351.93004314848673
258,fog,region-1,,fog_location-34,2,1174,1000,4,,,97.68905803427684,346.4280282184081
259,fog,region-2,,fog_location-35,2,1103,1000,8,,,91.65959589017277,523.1136691539848
260,fog,region-2,,fog_location-35,2,1018,1000,8,,,97.4447272480104,285.5745890145004
261,fog,region-2,,fog_location-35,4,1006,1000,16,,,99.56885429199065,1095.0321700334723
262,fog,region-2,,fog_location-35,2,813,1000,8,,,99.99093792569258,372.8388671368904
263,fog,region-3,,fog_location-36,4,1200,1000,16,,,97.06554875029803,866.6522199170463
264,fog,region-3,,fog_location-36,4,1028,1000,16,,,91.33746467886968,974.307054419125
265,fog,region-3,,fog_location-36,2,756,1000,4,,,96.83077341561014,489.8386685450918
266,fog,region-1,,fog_location-37,2,514,1000,4,,,97.95585628662522,207.82512928521172
267,fog,region-1,,fog_location-37,2,906,1000,4,,,100.0,302.56231675202736
268,fog,region-2,,fog_location-38,2,1095,1000,8,,,96.34776524666302,459.5344180218227
269,fog,region-2,,fog_location-38,4,744,1000,8,,,92.49661622019325,1012.108140897116
270,fog,region-2,,fog_location-38,2,859,1000,4,,,94.95481379370784,426.8057089507776
271,fog,region-2,,fog_location-38,2,818,1000,4,,,97.2152525620201,364.1370753861058
272,fog,region-1,,fog_location-39,2,913,1000,4,,,94.41738948367902,201.94541539742875
273,fog,region-1,,fog_location-39,2,958,1000,8,,,96.04400882252848,457.99431185129333
274,fog,region-1,,fog_location-39,4,802,1000,8,,,95.9515211291802,798.9785744566067
275,fog,region-2,,fog_location-40,2,651,1000,8,,,98.12814787106774,557.8510535439555
276,fog,region-2,,fog_location-40,2,1029,1000,4,,,88.62536542396148,585.8940582481646
277,fog,region-2,,fog_location-40,4,869,1000,8,,,95.78500314408276,895.1469754939835
278,fog,region-3,,fog_location-41,4,938,1000,16,,,99.70945911366478,910.4023316293196
279,fog,region-3,,fog_location-41,2,1066,1000,4,,,89.828711173562,523.8832807335104
280,fog,region-3,,fog_location-41,2,641,1000,4,,,97.72343476192016,559.1600116323232
281,fog,region-0,,fog_location-42,2,1125,1000,8,,,94.48317671486224,398.37252545178313
282,fog,region-0,,fog_location-42,4,1065,1000,16,,,90.77101534627576,489.25799394254767
283,fog,region-0,,fog_location-42,4,957,1000,16,,,93.11427338859468,505.4934321177135
284,fog,region-3,,fog_location-43,4,924,1000,16,,,99.947537589071,419.3080206050346
285,fog,region-3,,fog_location-43,4,717,1000,16,,,94.35261045115992,494.80843425025546
286,fog,region-3,,fog_location-43,2,566,1000,8,,,99.56042230043144,256.5815074948426
287,fog,region-0,,fog_location-44,4,989,1000,16,,,95.46743009541449,747.6130651195695
288,fog,region-0,,fog_location-44,4,1091,1000,16,,,89.5072907947465,1012.0000790205124
289,fog,region-0,,fog_location-44,4,910,1000,16,,,92.03149626759716,894.915564962889
290,fog,region-0,,fog_location-44,4,886,1000,8,5329.945323536006,112.18271944151216,88.06653248543398,1040.1338391739791
291,fog,region-0,,fog_location-45,4,768,1000,8,,,98.76104064328544,1137.5537393160257
292,fog,region-0,,fog_location-45,4,912,1000,8,,,92.9707369220182,1060.8992261893086
293,fog,region-0,,fog_location-45,2,814,1000,4,,,95.97435773807976,305.0045077527598
294,fog,region-0,,fog_location-46,2,682,1000,8,,,96.9635650099738,419.0440751579469
295,fog,region-0,,fog_location-46,2,796,1000,8,,,91.98977470854432,433.4261887727928
296,fog,region-0,,fog_location-46,2,975,1000,4,,,97.93989266833576,451.2041884535474
297,fog,region-0,,fog_location-46,2,649,1000,8,,,98.0,471.15023061678613
298,fog,region-1,,fog_location-47,4,616,1000,16,,,99.19927840321203,1113.2388486922346
299,fog,region-1,,fog_location-47,2,1166,1000,4,,,100.0,285.2352930909421
300,fog,region-1,,fog_location-47,2,621,1000,4,,,98.0,318.69603801313093
301,fog,region-1,,fog_location-47,2,804,1000,8,,,95.28941351821317,421.51215816447245
302,fog,region-2,,fog_location-48,4,511,1000,16,,,95.08528036727095,1119.497227711612
303,fog,region-2,,fog_location-48,2,997,1000,4,,,96.91398522963571,564.3832549589495
304,fog,region-2,,fog_location-48,4,841,1000,16,,,97.19435939107602,1167.0192723518614
305,fog,region-1,,fog_location-49,4,649,1000,16,,,93.8681704803138,580.2585961010063
306,fog,region-1,,fog_location-49,2,946,1000,8,,,100.0,502.4860718824054
307,fog,region-0,,fog_location-50,4,642,1000,8,,,91.57645592549554,838.9373761897183
308,fog,region-0,,fog_location-50,4,505,1000,16,,,94.88150963258823,892.1067169202479
309,fog,region-0,,fog_location-50,4,1111,1000,8,,,99.7607125665148,1109.6067309658702
310,fog,region-2,,fog_location-51,2,927,1000,8,,,99.47143064240666,557.1260708811644
311,fog,region-2,,fog_location-51,2,920,1000,8,,,99.95166782639478,273.81635436880356
312,fog,region-2,,fog_location-51,4,675,1000,16,,,88.204684111258,464.4628985443074
313,fog,region-2,,fog_location-51,2,871,1000,4,,,100.0,576.1438924134216
314,fog,region-3,,fog_location-52,2,1111,1000,4,,,91.63452074726946,372.1479806547528
315,fog,region-3,,fog_location-52,2,1061,1000,8,,,99.89232394130984,288.4252428249954
316,fog,region-0,,fog_location-53,2,658,1000,4,,,96.89878317233564,441.6005153858566
317,fog,region-0,,fog_location-53,2,1037,1000,8,,,95.21842599846316,262.6826287255263
318,fog,region-0,,fog_location-53,4,1127,1000,8,,,94.90854725605216,417.2829695211241
319,fog,region-2,,fog_location-54,4,1193,1000,8,,,97.45105234293052,537.1337820373537
320,fog,region-2,,fog_location-54,2,1162,1000,4,,,99.64519546943976,377.47407011700824
321,fog,region-1,,fog_location-55,2,1057,1000,8,,,93.48945834982214,241.13247579373905
322,fog,region-1,,fog_location-55,4,769,1000,16,,,91.28880093720642,1077.3435351065827
323,fog,region-1,,fog_location-56,4,693,1000,16,,,97.60099979754446,1068.5821461125615
324,fog,region-1,,fog_location-56,2,1139,1000,4,,,99.34144487541384,365.4224613519873
325,fog,region-1,,fog_location-56,2,1181,1000,4,,,95.15150685619672,269.2159429566081
326,fog,region-1,,fog_location-56,4,768,1000,16,,,92.03091377395184,875.6854783832871
327,fog,region-1,,fog_location-57,4,666,1000,16,,,92.25910836973004,908.7003631425822
328,fog,region-1,,fog_location-57,2,556,1000,4,,,96.06138694471996,551.4837149725128
329,fog,region-1,,fog_location-57,2,1103,1000,4,,,100.0,236.17599466552565
330,fog,region-1,,fog_location-57,4,835,1000,16,,,89.897024155173,498.9475623788647
331,fog,region-1,,fog_location-58,4,1105,1000,16,,,89.84059419405308,716.6843083893276
332,fog,region-1,,fog_location-58,4,666,1000,8,,,88.62429900425514,843.9115109109146
333,fog,region-1,,fog_location-58,2,1001,1000,4,,,90.45319576444628,261.39821433533575
334,fog,region-0,,fog_location-59,2,970,1000,4,,,95.41047746052432,396.73273837077136
335,fog,region-0,,fog_location-59,4,955,1000,16,2944.460176609739,4114.60765041924,88.85056090743367,464.8296306884602
336,fog,region-0,,fog_location-60,2,967,1000,8,,,91.00347781818512,565.8328949280581
337,fog,region-0,,fog_location-60,2,1178,1000,8,,,90.68384053190285,421.6980237425479
338,fog,region-1,,fog_location-61,4,1125,1000,16,,,91.85656359028704,489.3393238250649
339,fog,region-1,,fog_location-61,2,1146,1000,8,,,91.482274903411,364.5047528521586
340,fog,region-0,,fog_location-62,2,508,1000,8,,,99.18081210847744,267.22539931819693
341,fog,region-0,,fog_location-62,4,632,1000,16,,,100.0,624.9287521088136
342,fog,region-0,,fog_location-62,4,1059,1000,8,5918.732435914505,5324.04857268776,97.14939217576897,468.4865224488982
343,fog,region-1,,fog_location-63,4,1191,1000,16,,,99.70480063744267,835.7034862331781
344,fog,region-1,,fog_location-63,4,1092,1000,8,,,91.8508113910333,756.950006419323
345,fog,region-2,,fog_location-64,2,787,1000,8,,,95.0403469030858,310.08293248707656
346,fog,region-2,,fog_location-64,4,839,1000,16,,,96.53367473078544,769.4094582145799
347,fog,region-1,,fog_location-65,4,1079,1000,8,,,99.4057441643652,464.17665651703726
348,fog,region-1,,fog_location-65,2,1040,1000,4,,,98.56162714050684,539.1531815183569
349,fog,region-0,,fog_location-66,2,918,1000,4,,,91.336188921329,262.0004195712801
350,fog,region-0,,fog_location-66,2,1037,1000,8,,,94.67911960361972,536.8788711266772
351,fog,region-2,,fog_location-67,2,1003,1000,4,,,92.71275330419397,563.4889480221814
352,fog,region-2,,fog_location-67,2,1083,1000,4,,,93.79366851381148,258.39043217118626
353,fog,region-1,,fog_location-68,4,958,1000,16,,,94.92130224212168,923.8680737262712
354,fog,region-1,,fog_location-68,4,784,1000,16,,,92.03690473554386,917.6317847886615
355,fog,region-1,,fog_location-68,4,921,1000,16,,,93.83556894532076,465.2368940790943
356,fog,region-0,,fog_location-69,2,590,1000,8,,,93.34783441076672,463.8264893048365
357,fog,region-0,,fog_location-69,4,1048,1000,16,,,94.55879444772688,971.3281098124672
358,fog,region-3,,fog_location-70,4,1087,1000,8,,,96.35883796565712,413.5079450855092
359,fog,region-3,,fog_location-70,2,748,1000,8,,,92.04117014114706,407.8170665889847
360,fog,region-3,,fog_location-71,4,916,1000,16,,,97.01933249180983,468.1828058561774
361,fog,region-3,,fog_location-71,4,636,1000,8,,,97.98750798650318,892.3401772169932
362,fog,region-3,,fog_location-71,4,1159,1000,16,,,92.54558099144222,549.7678722120345
363,fog,region-3,,fog_location-71,4,685,1000,16,,,92.74609508611196,924.6841110375302
364,fog,region-1,,fog_location-72,2,913,1000,4,,,94.06705349463272,380.7539087965316
365,fog,region-1,,fog_location-72,2,959,1000,8,,,93.4817186509244,241.8096720239108
366,fog,region-3,,fog_location-73,4,524,1000,8,,,98.98854661853758,1148.812617038424
367,fog,region-3,,fog_location-73,4,528,1000,16,,,94.35331517665824,466.7692710730588
368,fog,region-3,,fog_location-73,4,572,1000,16,,,93.61803286293026,845.5422726007662
369,fog,region-3,,fog_location-73,4,741,1000,16,,,89.76469397927468,684.707719983659
370,fog,region-1,,fog_location-74,4,1015,1000,16,,,97.6527822550338,478.59029192904507
371,fog,region-1,,fog_location-74,4,1163,1000,8,,,86.40158522840062,524.1214916804513
372,fog,region-1,,fog_location-74,4,636,1000,16,1124.1297524778956,2206.071914109098,96.1095548866699,842.7495134464657
373,fog,region-1,,fog_location-75,2,1041,1000,8,,,92.22443938291362,235.3042985565503
374,fog,region-1,,fog_location-75,2,666,1000,8,,,92.98505552345205,436.4409949921193
375,fog,region-0,,fog_location-76,2,699,1000,8,,,93.23594084425568,205.7023144361584
376,fog,region-0,,fog_location-76,2,705,1000,4,,,94.2591701823492,342.0118344396761
377,fog,region-2,,fog_location-77,4,780,1000,8,,,96.31541832630384,413.57397624917
378,fog,region-2,,fog_location-77,2,911,1000,8,850.438119050949,2477.0147645188326,94.26138919490477,222.4878618826851
379,fog,region-2,,fog_location-77,2,1091,1000,4,,,92.48401534829996,229.10708387723292
380,fog,region-2,,fog_location-77,4,502,1000,8,,,88.21757156152827,430.29266090490046
381,fog,region-0,,fog_location-78,2,968,1000,8,1901.5657351816212,1309.852292690576,94.40925943958828,255.87309025229075
382,fog,region-0,,fog_location-78,4,627,1000,16,,,98.0278888283069,860.4775131706537
383,fog,region-0,,fog_location-78,2,663,1000,4,,,100.0,429.6855563908212
384,fog,region-3,,fog_location-79,2,607,1000,8,,,93.48483301917403,338.86497749565854
385,fog,region-3,,fog_location-79,4,891,1000,16,5677.527710886931,3725.305981628788,99.73771382885492,697.1257837442123
386,fog,region-3,,fog_location-79,2,772,1000,8,,,100.0,491.1802179504494
387,fog,region-1,,fog_location-80,4,1014,1000,8,4209.491145705982,576.7242391590532,97.80910422424496,849.3943374076013
388,fog,region-1,,fog_location-80,2,1070,1000,4,,,92.3814182004184,337.60783125419937
389,fog,region-1,,fog_location-80,2,1052,1000,4,,,94.35854849241062,259.4943966671638
390,fog,region-0,,fog_location-81,2,655,1000,8,,,91.9244244053405,316.7354876632596
391,fog,region-0,,fog_location-81,2,519,1000,8,,,94.05012076371084,239.7457705740289
392,fog,region-0,,fog_location-81,4,751,1000,8,,,91.33027161460438,1057.3117030352582
393,fog,region-0,,fog_location-82,2,652,1000,8,,,94.4443275603322,506.78132829907526
394,fog,region-0,,fog_location-82,4,1075,1000,16,,,99.980844806806,871.9187495311292
395,fog,region-3,,fog_location-83,4,1196,1000,16,,,93.2922371850473,543.3810932332304
396,fog,region-3,,fog_location-83,2,680,1000,8,,,92.72691882783164,224.1509032369408
397,fog,region-3,,fog_location-83,4,701,1000,16,,,100.0,836.5544052851158
398,fog,region-3,,fog_location-83,4,623,1000,8,,,98.38870797544256,750.1271982131418
399,fog,region-1,,fog_location-84,2,631,1000,4,,,96.0,354.054601819754
400,fog,region-1,,fog_location-84,4,1166,1000,8,,,96.84758076770748,833.8126661000513
401,fog,region-2,,fog_location-85,2,699,1000,8,,,92.50392672839465,564.1983060915106
402,fog,region-2,,fog_location-85,2,1039,1000,8,,,98.7792566094514,298.9470614665672
403,fog,region-2,,fog_location-85,4,640,1000,8,,,94.77663391460425,694.0157959900503
404,fog,region-1,,fog_location-86,4,719,1000,8,,,99.7943738299557,649.2665545159309
405,fog,region-1,,fog_location-86,4,822,1000,16,,,99.32554739986416,779.237288226583
406,fog,region-1,,fog_location-86,4,843,1000,16,,,90.4973039987069,1111.2568087989143
407,fog,region-1,,fog_location-86,2,912,1000,4,,,96.6198043667861,331.51026969934253
408,fog,region-3,,fog_location-87,2,619,1000,8,,,97.814149745515,248.37996901011113
409,fog,region-3,,fog_location-87,4,573,1000,8,,,95.3529178489631,992.5912019079024
410,fog,region-3,,fog_location-88,4,1004,1000,8,,,97.0089284191192,1192.08534977591
411,fog,region-3,,fog_location-88,4,896,1000,8,,,99.1269004260192,642.6441622344232
412,fog,region-3,,fog_location-88,4,973,1000,16,,,93.65163178785932,765.847263954305
413,fog,region-1,,fog_location-89,2,739,1000,8,,,100.0,461.79985712830967
414,fog,region-1,,fog_location-89,2,659,1000,4,,,91.1278066181234,360.11738689637684
415,fog,region-1,,fog_location-89,2,676,1000,4,,,99.20950367983836,245.43703911875315
416,fog,region-2,,fog_location-90,4,1126,1000,8,2293.3666130655674,1760.14057742516,100.0,1077.966768668703
417,fog,region-2,,fog_location-90,4,823,1000,8,,,93.7473252437814,1062.9010185196828
418,fog,region-2,,fog_location-91,2,667,1000,4,,,91.2266153228358,501.1143416013796
419,fog,region-2,,fog_location-91,2,805,1000,4,,,89.67149259765957,375.5976204306712
420,fog,region-2,,fog_location-91,2,913,1000,8,,,97.91329480687423,353.9976540751684
421,fog,region-2,,fog_location-91,4,897,1000,16,,,94.54648192494348,820.1916995053703
422,fog,region-3,,fog_location-92,4,1066,1000,8,4248.590794840611,3409.7440668731556,94.10560477666267,860.2122743285787
423,fog,region-3,,fog_location-92,2,1086,1000,4,,,92.15707028599756,370.8109039885585
424,fog,region-3,,fog_location-92,4,793,1000,8,,,98.57957629559432,465.3786265066136
425,fog,region-0,,fog_location-93,4,593,1000,16,,,92.45765744749048,973.1174089535948
426,fog,region-0,,fog_location-93,2,1003,1000,8,,,96.39820588006356,546.4634869200536
427,fog,region-1,,fog_location-94,2,689,1000,4,,,97.39281903405686,228.6862271004955
428,fog,region-1,,fog_location-94,4,509,1000,16,,,93.67315908267412,1121.295851545873
429,fog,region-1,,fog_location-94,4,1117,1000,16,,,94.9163730848598,751.7701713349401
430,fog,region-1,,fog_location-94,4,942,1000,8,2544.034989300233,1546.1119848522249,96.20153525271644,1189.753070382763
431,fog,region-0,,fog_location-95,4,661,1000,8,,,94.47099651626942,422.13633695053414
432,fog,region-0,,fog_location-95,4,617,1000,16,,,99.13877438598188,760.8817675486605
433,fog,region-2,,fog_location-96,4,600,1000,8,,,90.42671119588718,1182.5067231780872
434,fog,region-2,,fog_location-96,2,752,1000,4,,,98.08163421494432,358.99647339271075
435,fog,region-3,,fog_location-97,2,933,1000,4,,,90.8866549164711,256.1106231189808
436,fog,region-3,,fog_location-97,4,915,1000,16,,,97.9998446195482,697.1736585561634
437,fog,region-0,,fog_location-98,4,988,1000,16,,,94.0768269209436,446.9669295977674
438,fog,region-0,,fog_location-98,2,729,1000,4,,,90.97139188020236,560.3611570388994
439,fog,region-3,,fog_location-99,2,1008,1000,4,,,97.27555392182798,366.169010181702
440,fog,region-3,,fog_location-99,4,903,1000,16,,,92.45284381961793,625.7731720976353
441,fog,region-3,,fog_location-99,2,648,1000,8,,,100.0,314.84651620706995
442,fog,region-1,,fog_location-100,4,974,1000,16,,,96.35395320325388,582.6031254085444
443,fog,region-1,,fog_location-100,4,1200,1000,8,,,91.36394946223945,657.4328154134946
444,fog,region-0,,fog_location-101,4,893,1000,8,,,99.11112146083192,1198.7289868203875
445,fog,region-0,,fog_location-101,4,901,1000,8,,,94.3560035537055,844.5832032672695
446,fog,region-2,,fog_location-102,2,601,1000,4,,,93.7690485530675,227.14321473538544
447,fog,region-2,,fog_location-102,2,791,1000,8,,,95.21504960516536,518.2399329342211
448,fog,region-0,,fog_location-103,4,1136,1000,8,,,90.14234064641003,1067.8678701792028
449,fog,region-0,,fog_location-103,4,718,1000,8,,,97.26708346742154,834.7029756903962
450,fog,region-0,,fog_location-103,2,631,1000,4,,,92.30703269985014,555.1814643860432
451,fog,region-2,,fog_location-104,4,719,1000,8,,,98.11347725872662,989.4242895980004
452,fog,region-2,,fog_location-104,4,719,1000,16,,,98.0,1160.3124445706237
453,fog,region-2,,fog_location-104,2,577,1000,4,,,94.32239226622129,398.4086537332332
454,fog,region-2,,fog_location-104,4,640,1000,16,,,99.2413671492668,1129.0626736918814
455,fog,region-3,,fog_location-105,4,1200,1000,8,,,96.62285497119554,1063.9546398060725
456,fog,region-3,,fog_location-105,4,1173,1000,16,,,97.45640659589324,973.3167859611644
457,fog,region-3,,fog_location-105,2,711,1000,8,,,100.0,453.9141845134311
458,fog,region-1,,fog_location-106,2,593,1000,8,,,92.78353572061911,429.8573439599759
459,fog,region-1,,fog_location-106,2,1073,1000,8,,,92.14997869123344,523.7071916723562
460,fog,region-1,,fog_location-106,4,910,1000,8,,,88.19787102294072,1162.615435312548
461,fog,region-1,,fog_location-106,4,1172,1000,16,,,93.19964922172232,1141.3766362796268
462,fog,region-1,,fog_location-107,4,1176,1000,8,,,92.71902738754886,796.6518037085618
463,fog,region-1,,fog_location-107,4,505,1000,8,,,93.4105805441321,1128.2148124826083
464,fog,region-1,,fog_location-107,4,547,1000,8,,,98.48879576627267,673.2872997273323
465,fog,region-2,,fog_location-108,4,575,1000,16,,,97.18333011370656,830.1763600027529
466,fog,region-2,,fog_location-108,2,602,1000,4,,,92.3653991212816,262.79206157601175
467,fog,region-1,,fog_location-109,2,508,1000,8,2012.6631230586368,2668.6776555786337,100.0,244.2893119100046
468,fog,region-1,,fog_location-109,2,899,1000,4,,,98.81753473594142,545.7059592645154
469,fog,region-1,,fog_location-109,4,525,1000,16,,,88.72573920237214,727.5542589052723
470,fog,region-2,,fog_location-110,4,501,1000,16,,,98.9624443428262,695.865592122302
471,fog,region-2,,fog_location-110,4,1154,1000,8,,,97.01305556383927,426.06555393101695
472,fog,region-2,,fog_location-110,2,772,1000,4,,,96.89916920209272,332.9895593810045
473,fog,region-2,,fog_location-110,4,939,1000,16,,,93.55829329409384,723.8868674456883
474,fog,region-1,,fog_location-111,2,923,1000,4,,,97.02180718712276,517.660872197191
475,fog,region-1,,fog_location-111,4,958,1000,8,,,90.66277525435444,899.4149598980833
476,fog,region-1,,fog_location-111,4,712,1000,8,,,92.63805707384458,498.5542404407799
477,fog,region-3,,fog_location-112,2,793,1000,8,,,90.42665542694756,553.1172823931206
478,fog,region-3,,fog_location-112,4,869,1000,16,,,92.65552203562808,629.2939375653859
479,fog,region-3,,fog_location-112,4,550,1000,16,,,93.837574006342,739.669835035008
480,fog,region-3,,fog_location-112,4,998,1000,8,,,98.5996384795136,402.2462487284939
481,fog,region-2,,fog_location-113,2,1152,1000,4,,,93.7449870225294,589.1679480155267
482,fog,region-2,,fog_location-113,2,559,1000,4,,,99.0373393537684,399.139925203109
483,fog,region-2,,fog_location-114,4,1128,1000,16,,,95.99536057072116,863.2444055593027
484,fog,region-2,,fog_location-114,2,902,1000,4,,,92.241144691968,332.22997815970075
485,fog,region-2,,fog_location-114,2,595,1000,8,,,93.5679727460561,555.5072177778744
486,fog,region-2,,fog_location-114,4,1200,1000,8,,,96.4588631516708,1152.3161507079244
487,fog,region-0,,fog_location-115,2,969,1000,8,,,98.0,387.4884911364272
488,fog,region-0,,fog_location-115,4,712,1000,16,1649.4398657600436,5176.507448132469,92.62970568756322,944.4708179169684
489,fog,region-0,,fog_location-115,2,1132,1000,4,,,94.03284841010289,320.2332025185454
490,fog,region-0,,fog_location-115,4,763,1000,8,,,97.476427838121,1111.7384792076264
491,fog,region-3,,fog_location-116,4,562,1000,16,,,95.3724730049282,1016.456470876338
492,fog,region-3,,fog_location-116,4,961,1000,8,,,96.36177000361428,917.61390641492
493,fog,region-3,,fog_location-116,4,917,1000,8,,,91.74592297478252,457.6703354328265
494,fog,region-3,,fog_location-116,2,1053,1000,8,,,94.40167898507444,286.2960061419781
495,fog,region-2,,fog_location-117,4,1027,1000,16,,,93.74092228168723,826.5005165371207
496,fog,region-2,,fog_location-117,2,840,1000,8,,,100.0,485.4599873870581
497,fog,region-3,,fog_location-118,2,743,1000,4,,,90.96485489025426,270.64119056494826
498,fog,region-3,,fog_location-118,2,1097,1000,4,,,93.024028953192,292.90286690023703
499,fog,region-3,,fog_location-118,4,1080,1000,16,,,88.18658343216602,1185.3238351708983
500,fog,region-1,,fog_location-119,4,718,1000,8,,,93.26089609852704,773.595343789039
501,fog,region-1,,fog_location-119,2,752,1000,8,,,100.0,571.8639665167498
502,fog,region-1,,fog_location-119,2,571,1000,8,,,92.07513256401371,316.19254328435744
503,fog,region-2,,fog_location-120,4,625,1000,16,,,94.06426191107848,644.5302854490179
504,fog,region-2,,fog_location-120,4,974,1000,8,,,93.07680593665135,1045.6000206682993
505,fog,region-2,,fog_location-120,2,888,1000,4,,,100.0,210.15704086955049
506,fog,region-3,,fog_location-121,4,1120,1000,16,,,98.0,1076.1871301383733
507,fog,region-3,,fog_location-121,4,1032,1000,16,,,93.41226623584704,1051.6917437876637
508,fog,region-3,,fog_location-122,2,939,1000,8,,,94.77153335230516,353.25932876713273
509,fog,region-3,,fog_location-122,2,992,1000,8,,,96.16661364067572,327.81609424565005
510,fog,region-3,,fog_location-123,4,832,1000,8,,,93.81669369136836,1002.080344323401
511,fog,region-3,,fog_location-123,4,966,1000,16,,,97.58545372217093,1003.5021609222872
512,fog,region-3,,fog_location-123,2,765,1000,4,,,91.414262438231,245.65071202256888
513,fog,region-0,,fog_location-124,4,1005,1000,8,,,95.23190640566236,593.0082008175307
514,fog,region-0,,fog_location-124,4,978,1000,16,,,96.68057412460652,879.391397352606
515,fog,region-0,,fog_location-124,4,1069,1000,8,,,94.62413115754156,695.2149207488071
516,fog,region-2,,fog_location-125,2,1137,1000,4,,,93.88550327397364,355.6787584252902
517,fog,region-2,,fog_location-125,4,1161,1000,16,,,94.94991900873616,507.602232570218
518,fog,region-2,,fog_location-125,4,880,1000,16,,,99.81693876183294,687.0205425673271
519,fog,region-2,,fog_location-125,4,1046,1000,8,,,100.0,716.5402387240708
520,fog,region-2,,fog_location-126,4,923,1000,16,,,93.81851546023007,1142.5405643816805
521,fog,region-2,,fog_location-126,2,565,1000,4,2705.1301133543243,971.0825275492346,92.39576063119242,558.126119681144
522,fog,region-2,,fog_location-126,2,583,1000,8,,,97.35328752682916,490.53593550339787
523,fog,region-2,,fog_location-127,2,769,1000,4,,,99.8702063621314,470.95800376558367
524,fog,region-2,,fog_location-127,4,714,1000,16,,,93.84906332217446,420.9427340276728
525,fog,region-3,,fog_location-128,4,744,1000,16,,,94.75751541457096,647.3493516934942
526,fog,region-3,,fog_location-128,4,818,1000,8,,,93.54874356499896,753.8559329939137
527,fog,region-3,,fog_location-128,4,657,1000,16,,,93.47412881841768,565.2652723746074
528,fog,region-3,,fog_location-128,4,625,1000,8,,,91.36297906172103,753.1576542807779
529,fog,region-0,,fog_location-129,4,612,1000,16,,,93.7611054228023,628.3061338582862
530,fog,region-0,,fog_location-129,4,505,1000,16,,,89.84691881870582,426.1866356916038
531,fog,region-1,,fog_location-130,4,683,1000,16,,,90.38904811781752,739.6879058674576
532,fog,region-1,,fog_location-130,4,1035,1000,8,,,91.18017775068732,564.7451628035017
533,fog,region-1,,fog_location-130,4,505,1000,16,,,96.4487582576948,1112.0944630672095
534,fog,region-1,,fog_location-130,2,1101,1000,4,,,93.11086219855429,504.5868347646067
535,fog,region-0,,fog_location-131,4,556,1000,8,,,92.09679385454108,837.4800645129692
536,fog,region-0,,fog_location-131,4,640,1000,16,2077.5434349734523,469.8214257162908,96.382719816745,561.5631062517429
537,fog,region-0,,fog_location-131,4,887,1000,8,,,98.36056435765953,1039.0995940807295
538,fog,region-0,,fog_location-131,4,555,1000,8,,,96.45769191632692,1064.9579380496116
539,fog,region-0,,fog_location-132,4,763,1000,8,,,99.50011926797538,870.4430401584112
540,fog,region-0,,fog_location-132,2,1065,1000,4,1481.0857802762305,1867.0959792748101,96.75921498871452,525.4010885044818
541,fog,region-0,,fog_location-133,2,1187,1000,8,,,98.96553486816094,314.2683714685172
542,fog,region-0,,fog_location-133,2,647,1000,8,,,100.0,292.2961418413628
543,fog,region-0,,fog_location-133,4,948,1000,8,,,98.02930129317788,585.2404343337009
544,fog,region-2,,fog_location-134,2,743,1000,8,,,95.51856943669443,331.4510193814973
545,fog,region-2,,fog_location-134,4,1040,1000,16,2603.718057480352,1853.5672791452453,94.32147528749378,729.2109357958512
546,fog,region-2,,fog_location-134,4,1195,1000,8,,,91.16147405238787,935.5243902271671
547,fog,region-3,,fog_location-135,2,760,1000,8,,,95.04082213515927,453.5032874287095
548,fog,region-3,,fog_location-135,4,1012,1000,8,,,93.89083086442494,727.6528839496191
549,fog,region-3,,fog_location-135,4,1153,1000,8,,,93.92473047152798,444.1040220282674
550,fog,region-3,,fog_location-135,2,1177,1000,8,,,91.61740467669682,560.758718372859
551,fog,region-0,,fog_location-136,2,584,1000,4,,,94.53737253434085,541.5147358230074
552,fog,region-0,,fog_location-136,4,741,1000,16,,,95.6415169414104,582.434795482496
553,fog,region-0,,fog_location-136,2,803,1000,8,,,98.19207433097296,366.9205746449726
554,fog,region-0,,fog_location-136,2,930,1000,8,,,94.7516249084812,416.1856254279584
555,fog,region-1,,fog_location-137,2,782,1000,4,,,94.78486702358744,328.98818167295957
556,fog,region-1,,fog_location-137,4,1092,1000,8,,,96.9903190934228,616.2109615600139
557,fog,region-1,,fog_location-137,4,944,1000,8,,,92.52022385956384,837.9717704738259
558,fog,region-1,,fog_location-138,4,899,1000,16,3421.843812889789,2172.930332216924,94.46267930312052,495.52872578066774
559,fog,region-1,,fog_location-138,4,639,1000,8,,,99.5595448459607,995.8038000586888
560,fog,region-1,,fog_location-138,2,610,1000,8,2256.51909382117,,92.4515514402861,276.7838165670638
561,fog,region-1,,fog_location-139,2,940,1000,8,,,89.70100403486366,250.6524242057959
562,fog,region-1,,fog_location-139,2,1185,1000,4,,,94.4777478897434,220.2208799652099
563,fog,region-1,,fog_location-140,4,890,1000,16,,,94.0575311917601,453.856649923002
564,fog,region-1,,fog_location-140,2,886,1000,8,,,96.5293931415524,590.0340408198294
565,fog,region-3,,fog_location-141,2,1146,1000,8,,,98.0,323.10542403422414
566,fog,region-3,,fog_location-141,4,860,1000,8,,,93.17053102993746,934.0716948848036
567,fog,region-3,,fog_location-141,2,710,1000,8,,,90.7490240367258,265.96806824394866
568,fog,region-3,,fog_location-141,4,1179,1000,8,,,98.53093746856308,699.5369416781296
569,fog,region-3,,fog_location-142,2,676,1000,8,2577.396605958621,2673.886670427222,98.0,272.07346175253303
570,fog,region-3,,fog_location-142,4,961,1000,8,,,95.50172162249324,1165.4604740127445
571,fog,region-3,,fog_location-142,4,1158,1000,8,,,93.89643758016864,542.5688408276974
572,fog,region-1,,fog_location-143,4,873,1000,16,,,93.06539129099085,990.6062732507108
573,fog,region-1,,fog_location-143,2,835,1000,4,,,92.07234258849071,317.8623459924842
574,fog,region-2,,fog_location-144,4,1108,1000,16,,,96.26197339690027,865.4821703260135
575,fog,region-2,,fog_location-144,2,698,1000,8,,,98.57565586568424,431.30144832866335
576,fog,region-3,,fog_location-145,2,719,1000,4,,,90.98111013304712,387.24722868869384
577,fog,region-3,,fog_location-145,4,982,1000,8,,,93.22561564145342,657.7036462155306
578,fog,region-3,,fog_location-145,4,853,1000,16,,,94.90130986844542,535.5964565768024
579,fog,region-2,,fog_location-146,2,1100,1000,4,,,100.0,450.6266452802974
580,fog,region-2,,fog_location-146,2,997,1000,4,,,92.88737299423386,476.555448270217
581,fog,region-2,,fog_location-146,4,1050,1000,16,,,94.26113021555172,678.2476981347123
582,fog,region-2,,fog_location-146,4,506,1000,8,,,91.72817902595352,920.7452922194268
583,fog,region-2,,fog_location-147,2,672,1000,8,,,91.67615788252763,581.143292866883
584,fog,region-2,,fog_location-147,4,759,1000,8,,,91.37012007083835,602.0735961831251
585,fog,region-2,,fog_location-147,4,960,1000,8,,,96.59422592673134,911.9406242206686
586,fog,region-2,,fog_location-148,2,907,1000,4,,,95.103317903883,394.17570591485384
587,fog,region-2,,fog_location-148,4,1175,1000,16,,,96.0,714.693766985036
588,fog,region-2,,fog_location-149,4,884,1000,8,,,93.57390627099296,655.6832535398463
589,fog,region-2,,fog_location-149,4,887,1000,16,,,97.00948466185191,777.7434393942397
590,fog,region-1,,fog_location-150,4,681,1000,8,,,89.37900735856482,480.86860501094793
591,fog,region-1,,fog_location-150,4,831,1000,16,,,91.14998566169598,766.529999780418
592,fog,region-1,,fog_location-150,4,614,1000,16,,,100.0,1169.121389646025
593,fog,region-1,,fog_location-150,4,511,1000,8,,,90.61206125343227,1151.2410716309855
594,fog,region-3,,fog_location-151,2,1150,1000,8,,,97.81967916290822,531.4053924282532
595,fog,region-3,,fog_location-151,4,750,1000,8,5062.049027894601,4175.444822227332,88.51335325875452,1089.182966343716
596,fog,region-3,,fog_location-151,4,965,1000,16,,,97.51654428918545,771.0310817829752
597,fog,region-3,,fog_location-151,2,1167,1000,8,,,94.88427969467168,213.4509932435578
598,fog,region-2,,fog_location-152,2,802,1000,8,,,98.63923664839706,382.3380052043269
599,fog,region-2,,fog_location-152,4,547,1000,16,,,95.05741948383518,852.029802412958
600,fog,region-2,,fog_location-152,4,799,1000,16,,,97.10110013060728,909.4523049305732
601,fog,region-3,,fog_location-153,4,597,1000,8,,,96.06632919422064,751.4198265652228
602,fog,region-3,,fog_location-153,2,1144,1000,4,,,90.29871029716476,561.3660493220566
603,fog,region-1,,fog_location-154,2,535,1000,4,,,97.62709861216749,479.3473186806495
604,fog,region-1,,fog_location-154,2,518,1000,8,,,93.15281153336714,439.6045996843585
605,fog,region-1,,fog_location-154,4,875,1000,16,2300.4988688643293,2560.883511736684,99.49255268351304,934.8785973639914
606,fog,region-1,,fog_location-154,2,992,1000,4,,,90.5671476719717,539.5356861359219
607,fog,region-3,,fog_location-155,4,1030,1000,8,5216.140893162309,4113.045034079396,100.0,673.305571130555
608,fog,region-3,,fog_location-155,2,1089,1000,8,,,100.0,209.13640117184792
609,fog,region-3,,fog_location-155,4,1095,1000,16,,,100.0,977.4457690784162
610,fog,region-3,,fog_location-155,2,1008,1000,8,,,95.81050034579218,536.2916964838283
611,fog,region-2,,fog_location-156,2,664,1000,4,,,92.19674158949712,275.0079888446544
612,fog,region-2,,fog_location-156,2,858,1000,4,,,98.0,457.23719530370624
613,fog,region-2,,fog_location-156,4,737,1000,8,,,96.47349586461893,1060.0877749903284
614,fog,region-2,,fog_location-156,4,1049,1000,16,,,94.9195284828062,623.2372112581735
615,fog,region-0,,fog_location-157,4,587,1000,8,,,90.58555148356548,552.687828805459
616,fog,region-0,,fog_location-157,2,1132,1000,4,,,88.74118506307748,463.13284442905535
617,fog,region-0,,fog_location-157,2,715,1000,8,,,93.82764962868634,409.3148002286285
618,fog,region-2,,fog_location-158,4,849,1000,16,,,92.83825332706908,492.9268915171476
619,fog,region-2,,fog_location-158,4,802,1000,16,,,90.30369973047318,754.7699356537835
620,fog,region-2,,fog_location-158,2,721,1000,4,,,94.29894016729185,406.667847146181
621,fog,region-1,,fog_location-159,4,1176,1000,8,,,98.24157899961811,509.58437675969145
622,fog,region-1,,fog_location-159,2,949,1000,8,,,95.42351950970752,458.4596658267987
623,fog,region-1,,fog_location-159,2,713,1000,4,,,89.59533896847763,227.21154060106457
624,fog,region-2,,fog_location-160,2,1192,1000,4,,,92.86467486601136,461.31827351117744
625,fog,region-2,,fog_location-160,4,894,1000,16,,,97.8412837084522,1027.3655371166165
626,fog,region-0,,fog_location-161,2,652,1000,4,,,93.65559858040425,447.0106754216181
627,fog,region-0,,fog_location-161,2,1068,1000,4,,,95.03916112242683,230.13370874325832
628,fog,region-0,,fog_location-161,4,519,1000,16,,,92.14799120246236,892.0859504179539
629,fog,region-0,,fog_location-161,4,716,1000,16,,,94.28541875258932,856.9655523171341
630,fog,region-0,,fog_location-162,2,1056,1000,8,,,100.0,330.1211090955781
631,fog,region-0,,fog_location-162,4,1163,1000,8,,,93.8135086742255,1058.149587705794
632,fog,region-0,,fog_location-162,2,571,1000,4,,,99.68333020774269,298.1767957693787
633,fog,region-0,,fog_location-162,2,672,1000,4,,,93.50434619611076,324.46872952809457
634,fog,region-1,,fog_location-163,4,750,1000,16,,,94.15936801145104,1163.0179062765542
635,fog,region-1,,fog_location-163,4,1149,1000,16,,,96.18589558117468,887.6032571677075
636,fog,region-1,,fog_location-164,4,869,1000,16,,,97.4391597318488,724.1743501425406
637,fog,region-1,,fog_location-164,2,1190,1000,4,2516.900264126193,1613.9063990796565,94.35687531621078,558.2139084340077
638,fog,region-1,,fog_location-164,4,575,1000,16,,,94.01534832512785,544.020706622515
639,fog,region-1,,fog_location-165,2,791,1000,8,,,92.08781186447678,376.59863229705127
640,fog,region-1,,fog_location-165,2,955,1000,8,,,98.44881338621126,206.0865022237599
641,fog,region-1,,fog_location-166,2,881,1000,4,,,91.7140756810778,413.2366821131177
642,fog,region-1,,fog_location-166,4,880,1000,16,,,96.899756310221,897.2197942802516
643,fog,region-1,,fog_location-166,2,722,1000,4,2361.089569399902,389.3509163531763,99.05413800539326,577.9147798744741
644,fog,region-3,,fog_location-167,4,838,1000,8,2910.1601556202227,907.4271033833664,94.83413786071856,775.405397779667
645,fog,region-3,,fog_location-167,4,644,1000,8,,,98.68015247030706,665.8328297839635
646,fog,region-3,,fog_location-167,4,835,1000,8,,,89.20246469518004,636.7862655438562
647,fog,region-3,,fog_location-167,4,1012,1000,16,,,93.48659771678231,809.7999016496938
648,fog,region-3,,fog_location-168,2,707,1000,4,,,96.47681349434332,269.436351626398
649,fog,region-3,,fog_location-168,4,1173,1000,8,,,97.91550950348616,455.4671134311966
650,fog,region-3,,fog_location-168,4,797,1000,8,,,95.0124613493543,958.341516826191
651,fog,region-3,,fog_location-168,2,896,1000,8,,,99.05588852030488,595.1858662737175
652,fog,region-3,,fog_location-169,2,561,1000,8,,,94.52153497261332,435.3686072505331
653,fog,region-3,,fog_location-169,2,874,1000,4,,,97.2014813767007,585.8023955090189
654,fog,region-3,,fog_location-169,2,1062,1000,8,,,97.71125840350857,359.0157763699226
655,fog,region-3,,fog_location-169,2,1196,1000,8,2503.497035764691,2045.624728654003,88.75863536038068,234.8688436125491
656,fog,region-0,,fog_location-170,2,789,1000,4,,,91.95393203099296,331.2457838519058
657,fog,region-0,,fog_location-170,2,609,1000,4,,,96.8918707663358,359.71501891364335
658,fog,region-0,,fog_location-170,4,566,1000,8,,,92.92815311655444,972.9764251394048
659,fog,region-2,,fog_location-171,2,637,1000,4,,,92.47405095089876,333.1444348965887
660,fog,region-2,,fog_location-171,2,966,1000,4,2559.8190797340694,1184.4765113646467,98.36391803155873,485.2315490147016
661,fog,region-1,,fog_location-172,2,619,1000,4,,,92.99753133783688,327.10209737205537
662,fog,region-1,,fog_location-172,2,1073,1000,4,1434.6134233512344,767.8555533416122,99.54348478941236,590.6618626199324
663,fog,region-1,,fog_location-173,4,639,1000,16,,,98.60568461743765,1063.468961089372
664,fog,region-1,,fog_location-173,2,789,1000,4,,,100.0,399.9241771146159
665,fog,region-3,,fog_location-174,2,736,1000,4,1423.567275032436,48.144904600379654,98.0,308.4400199233216
666,fog,region-3,,fog_location-174,4,659,1000,8,,,90.01487970870056,954.0608341745392
667,fog,region-3,,fog_location-174,2,657,1000,4,,,88.86770889771358,206.94199569990283
668,fog,region-0,,fog_location-175,4,647,1000,16,,,100.0,849.0977334475207
669,fog,region-0,,fog_location-175,4,659,1000,16,,,94.84935466264068,1062.0742923948103
670,fog,region-0,,fog_location-175,4,1074,1000,8,,,90.91116012702469,685.6023904700078
671,fog,region-0,,fog_location-175,2,913,1000,4,,,97.739198363877,223.86531412320707
672,fog,region-3,,fog_location-176,2,1139,1000,4,,,96.438071670657,395.54676073214944
673,fog,region-3,,fog_location-176,4,1140,1000,16,,,88.39792787999323,1073.7915438854802
674,fog,region-3,,fog_location-177,2,1139,1000,4,,,91.9615993893376,335.2554527907378
675,fog,region-3,,fog_location-177,2,1078,1000,8,,,94.93541540197724,588.0605014398394
676,fog,region-3,,fog_location-177,4,1112,1000,8,,,91.18214295423468,970.047952979112
677,fog,region-3,,fog_location-177,4,1193,1000,16,1504.2997519489036,299.9709366719691,91.30900790621592,523.6655851500807
678,fog,region-3,,fog_location-178,4,1007,1000,8,,,96.25797767649854,1129.1506604206186
679,fog,region-3,,fog_location-178,2,1110,1000,8,,,97.5022268491622,378.3366442233572
680,fog,region-3,,fog_location-178,2,876,1000,4,,,98.88025135956946,501.3705696502491
681,fog,region-3,,fog_location-178,4,1018,1000,8,,,93.62335337408192,529.61015516018
682,fog,region-3,,fog_location-179,4,692,1000,16,4213.15478152234,5982.058440816515,95.56997607077122,935.7529562203472
683,fog,region-3,,fog_location-179,2,560,1000,8,,,96.48600564720248,211.46191491952587
684,fog,region-3,,fog_location-179,2,760,1000,4,,,93.9985278388934,522.9310305192619
685,fog,region-2,,fog_location-180,4,632,1000,8,,,97.8840407620022,587.914648645539
686,fog,region-2,,fog_location-180,2,1026,1000,8,,,94.95020144512073,240.56810655939404
687,fog,region-2,,fog_location-180,4,605,1000,8,,,94.2815474379053,552.8377472663709
688,fog,region-2,,fog_location-180,2,1063,1000,4,,,97.32022023008828,388.4511901473096
689,fog,region-0,,fog_location-181,2,609,1000,8,,,96.48432159076184,548.8279260280866
690,fog,region-0,,fog_location-181,4,932,1000,8,,,94.59708749294742,780.3482745392865
691,fog,region-0,,fog_location-181,4,844,1000,16,,,93.36985189704538,428.6319069409807
692,fog,region-0,,fog_location-181,4,1060,1000,16,,,91.98349918781852,1195.8045944211926
693,fog,region-1,,fog_location-182,2,863,1000,4,,,100.0,385.3979011815171
694,fog,region-1,,fog_location-182,2,1098,1000,8,,,90.63677945419752,560.6919614577698
695,fog,region-1,,fog_location-182,4,771,1000,16,,,92.49798332927791,808.2456158230937
696,fog,region-1,,fog_location-183,2,508,1000,4,,,92.58352235442597,391.7086392595341
697,fog,region-1,,fog_location-183,4,1087,1000,8,,,93.59748481874496,1063.5241064298425
698,fog,region-2,,fog_location-184,4,914,1000,8,,,94.93290850483623,1033.4297451405366
699,fog,region-2,,fog_location-184,2,1186,1000,8,,,97.88500209043448,202.67293146496309
700,fog,region-0,,fog_location-185,2,903,1000,4,,,96.30321400354322,208.79144546824045
701,fog,region-0,,fog_location-185,2,757,1000,4,,,99.0884984746774,247.88133787213064
702,fog,region-0,,fog_location-186,4,1161,1000,16,,,94.38965624208942,866.7128403851841
703,fog,region-0,,fog_location-186,4,704,1000,8,,,96.2095652954693,1002.3622013463984
704,fog,region-3,,fog_location-187,2,1152,1000,8,,,97.25074830584732,364.73193508717384
705,fog,region-3,,fog_location-187,2,1113,1000,8,2765.155486382959,1665.4225189510826,100.0,494.6357669052802
706,fog,region-3,,fog_location-187,4,745,1000,16,,,90.20936081422845,401.0538023428644
707,fog,region-3,,fog_location-187,4,1180,1000,8,,,89.19365477353584,937.5775086788766
708,fog,region-0,,fog_location-188,2,508,1000,4,166.52906367158585,2245.3948422813414,92.85764031915586,587.1326788475149
709,fog,region-0,,fog_location-188,2,1135,1000,4,,,94.0790817577739,316.84920635713905
710,fog,region-0,,fog_location-189,2,675,1000,4,2478.6661589273754,1924.9207747892176,94.51962352085332,489.0168293605738
711,fog,region-0,,fog_location-189,2,890,1000,4,,,98.09541895997964,211.7421002967226
712,fog,region-1,,fog_location-190,4,772,1000,16,,,98.11595515606048,1143.811201194753
713,fog,region-1,,fog_location-190,2,516,1000,4,,,97.05907838942755,413.4146765243182
714,fog,region-1,,fog_location-190,4,724,1000,16,,,92.41181005214192,747.3427194516461
715,fog,region-1,,fog_location-190,4,692,1000,16,,,92.66499723214808,1024.4456855436126
716,fog,region-0,,fog_location-191,2,738,1000,8,1745.6307987796174,,90.49348639511967,354.7640485668986
717,fog,region-0,,fog_location-191,2,1051,1000,4,,,94.38801548996146,240.50727879546056
718,fog,region-1,,fog_location-192,4,1170,1000,16,,,92.26307884110192,538.5845607611994
719,fog,region-1,,fog_location-192,4,560,1000,16,,,91.42881203801863,1138.6767106446166
720,fog,region-0,,fog_location-193,2,1068,1000,4,,,100.0,449.2115170620772
721,fog,region-0,,fog_location-193,4,604,1000,8,,,94.28778471193527,881.8164696225352
722,fog,region-0,,fog_location-193,2,665,1000,8,,,100.0,323.3828384289993
723,fog,region-0,,fog_location-193,4,1129,1000,8,,,94.62128630984544,843.1823509004585
724,fog,region-3,,fog_location-194,4,1080,1000,8,,,93.57165823274886,972.6207068218108
725,fog,region-3,,fog_location-194,2,508,1000,8,2685.7948768860174,1595.1353074272563,100.0,300.10633323908075
726,fog,region-3,,fog_location-194,4,1005,1000,8,,,100.0,1142.486449523909
727,fog,region-0,,fog_location-195,4,765,1000,8,,,93.16383984381856,503.8191081315861
728,fog,region-0,,fog_location-195,2,507,1000,8,,,93.79933806966268,540.9313928334896
729,fog,region-0,,fog_location-195,2,550,1000,4,,,99.2948147556116,484.09532577303435
730,fog,region-0,,fog_location-195,4,808,1000,16,,,96.67709341540592,607.361459580188
731,fog,region-3,,fog_location-196,4,948,1000,16,,,98.0,608.3414523902685
732,fog,region-3,,fog_location-196,4,806,1000,8,2602.931757574416,4128.479088327445,96.2811385512274,654.7281591007311
733,fog,region-3,,fog_location-196,4,748,1000,8,,,93.69754958889696,729.9893926204657
734,fog,region-3,,fog_location-196,4,796,1000,16,,,97.43291759665266,614.988763131748
735,fog,region-3,,fog_location-197,4,874,1000,8,,,95.54917608280223,825.2444411209938
736,fog,region-3,,fog_location-197,4,854,1000,8,,,94.63502738576196,995.6559015160008
737,fog,region-3,,fog_location-197,2,544,1000,8,,,89.34199272263275,467.4123006323826
738,fog,region-3,,fog_location-198,2,1050,1000,4,,,98.0,552.1922974144461
739,fog,region-3,,fog_location-198,4,914,1000,8,,,99.001734572976,1156.9178204041118
740,fog,region-3,,fog_location-198,4,1198,1000,8,,,90.4614962493835,423.1730111139286
741,fog,region-3,,fog_location-198,4,1013,1000,16,,,92.62771492042688,904.330299183529
742,fog,region-0,,fog_location-199,4,534,1000,16,1117.8180051993827,431.80468612237706,100.0,660.1376656105869
743,fog,region-0,,fog_location-199,2,1150,1000,8,,,87.45825493954678,398.6364844558884
744,fog,region-0,,fog_location-200,4,545,1000,16,,,94.92412727069458,424.6373916605111
745,fog,region-0,,fog_location-200,2,769,1000,4,1352.4606806139584,1884.653353768076,100.0,438.00930764841985
746,fog,region-0,,fog_location-200,4,1153,1000,16,,,95.16961306408804,642.8543198452255
747,fog,region-0,,fog_location-200,2,957,1000,4,,,89.29916166380598,447.33487933411016
748,fog,region-2,,fog_location-201,4,811,1000,8,,,92.1953390202228,917.7969486639588
749,fog,region-2,,fog_location-201,4,968,1000,16,,,93.13502160698192,818.6342270051208
750,fog,region-2,,fog_location-202,2,557,1000,8,,,99.35031606473294,254.44975533965825
751,fog,region-2,,fog_location-202,4,1073,1000,8,,,92.63865612402395,504.673512130777
752,fog,region-2,,fog_location-202,4,717,1000,8,,,100.0,544.197012640994
753,fog,region-1,,fog_location-203,2,602,1000,4,,,99.70686346929098,210.2875536605575
754,fog,region-1,,fog_location-203,4,1115,1000,16,4574.4875282952735,3483.2033345515383,93.11465362769133,824.0446097777944
755,fog,region-1,,fog_location-203,4,692,1000,8,,,87.95953795063303,448.8964602757142
756,fog,region-1,,fog_location-203,2,732,1000,4,,,96.09244089656116,237.58436504878193
757,fog,region-2,,fog_location-204,4,853,1000,16,,,91.47400704763984,633.1195306989413
758,fog,region-2,,fog_location-204,4,870,1000,8,,,91.22318152013094,982.956517222114
759,fog,region-2,,fog_location-204,4,836,1000,8,,,93.00014834334414,470.6258361120496
760,fog,region-2,,fog_location-204,4,876,1000,8,,,95.496339498874,887.4922017800732
761,fog,region-0,,fog_location-205,2,567,1000,4,,,96.99175163403558,303.6837635331974
762,fog,region-0,,fog_location-205,4,1030,1000,16,,,91.69756504239376,786.3438951346775
763,fog,region-0,,fog_location-205,2,632,1000,8,,,99.272767406237,566.4217685679668
764,fog,region-3,,fog_location-206,2,1012,1000,8,,,90.65462111190227,234.929243103757
765,fog,region-3,,fog_location-206,4,711,1000,8,,,94.22294812969886,1034.9873417916608
766,fog,region-1,,fog_location-207,2,1078,1000,8,,,98.0,280.4743827331255
767,fog,region-1,,fog_location-207,4,672,1000,16,,,100.0,443.9128198194824
768,fog,region-1,,fog_location-207,2,667,1000,4,,,90.29903267302704,445.29607704362695
769,fog,region-1,,fog_location-207,4,514,1000,16,,,96.82580110850272,1048.017766078154
770,fog,region-2,,fog_location-208,4,984,1000,16,,,91.68554593706769,879.3112074916062
771,fog,region-2,,fog_location-208,4,953,1000,16,,,91.62694804437515,687.0240396986267
772,fog,region-0,,fog_location-209,4,873,1000,16,,,90.04209666695311,960.2117677437926
773,fog,region-0,,fog_location-209,2,1097,1000,4,,,95.29434946247548,451.0183390800298
774,fog,region-0,,fog_location-209,2,673,1000,8,,,90.47548561330127,357.6416126686098
775,fog,region-0,,fog_location-209,4,1099,1000,8,,,98.16509190465534,580.7198225945478
776,fog,region-2,,fog_location-210,2,584,1000,8,,,100.0,297.532267326741
777,fog,region-2,,fog_location-210,4,1068,1000,8,,,94.65268247169116,1066.0276381161652
778,fog,region-1,,fog_location-211,4,863,1000,16,,,96.66045902483305,1047.5598658725946
779,fog,region-1,,fog_location-211,2,552,1000,4,,,91.0949265138568,519.4452258273029
780,fog,region-1,,fog_location-211,2,880,1000,4,,,91.25798039295988,481.7220895427779
781,fog,region-1,,fog_location-211,4,656,1000,8,,,96.75010582893084,970.6857089227124
782,fog,region-2,,fog_location-212,2,659,1000,4,,,96.60378074758934,512.2175321027305
783,fog,region-2,,fog_location-212,4,555,1000,8,,,96.29347473003976,1181.3532725528762
784,fog,region-2,,fog_location-212,2,931,1000,4,2225.4880694747694,,89.70872637415631,489.2993000037341
785,fog,region-2,,fog_location-212,2,1166,1000,8,,,96.31794248341107,285.1605576556566
786,fog,region-1,,fog_location-213,4,1066,1000,16,,,93.27416763167749,1090.05131943407
787,fog,region-1,,fog_location-213,2,544,1000,8,,,97.3949442407547,559.5833146243208
788,fog,region-1,,fog_location-214,4,697,1000,16,173.48829636682865,1157.5813866243611,89.3880602106874,1176.166881818652
789,fog,region-1,,fog_location-214,4,668,1000,8,,,91.42768748422796,854.7050351718549
790,fog,region-1,,fog_location-214,2,711,1000,8,,,95.85145869044102,535.1411471967053
791,fog,region-1,,fog_location-214,2,667,1000,8,,,91.734306390954,323.9221345935242
792,fog,region-0,,fog_location-215,4,959,1000,16,,,95.32940942497768,616.2553108178067
793,fog,region-0,,fog_location-215,2,746,1000,8,,,96.80114982518546,315.02462233164
794,fog,region-0,,fog_location-215,4,648,1000,16,,,88.17366878645572,764.8518088300652
795,fog,region-0,,fog_location-216,4,1024,1000,16,,,94.36074261853426,593.0814253750823
796,fog,region-0,,fog_location-216,4,1104,1000,8,5740.159651725895,5279.938173354442,91.30294139226886,1108.1958847774729
797,fog,region-0,,fog_location-216,4,537,1000,8,,,94.32996524741824,831.670586588159
798,fog,region-0,,fog_location-217,2,1000,1000,8,,,88.16037840494064,204.43908633751468
799,fog,region-0,,fog_location-217,2,1110,1000,4,2550.2315431096613,2571.121613517513,88.81065950845144,405.5846267315493
800,fog,region-2,,fog_location-218,4,941,1000,8,,,92.36041891240066,415.7266701158723
801,fog,region-2,,fog_location-218,2,587,1000,4,,,89.23052009139492,273.82113698594173
802,fog,region-2,,fog_location-218,4,585,1000,16,,,95.40187919329172,584.1108945001292
803,fog,region-3,,fog_location-219,2,707,1000,4,,,92.70462565222404,208.32260076711245
804,fog,region-3,,fog_location-219,4,700,1000,16,2414.686084321652,,100.0,556.1210361643524
805,fog,region-3,,fog_location-219,4,1095,1000,8,,,98.26353385724092,1126.4680077018083
806,fog,region-3,,fog_location-219,2,1035,1000,4,,,97.99110935919236,203.59518821283373
807,fog,region-0,,fog_location-220,4,710,1000,16,,,100.0,406.5521403946204
808,fog,region-0,,fog_location-220,4,937,1000,8,,,92.36717388250928,1008.3527375814556
809,fog,region-0,,fog_location-220,2,949,1000,4,,,96.62098265106847,241.30299504493297
810,fog,region-0,,fog_location-221,4,507,1000,16,,,93.57804711771114,938.9001379672712
811,fog,region-0,,fog_location-221,2,1077,1000,8,,,92.49822771427398,462.28593535855794
812,fog,region-0,,fog_location-222,4,905,1000,16,,,99.16737955700395,1060.1030746765443
813,fog,region-0,,fog_location-222,2,576,1000,4,,,100.0,526.0178456020144
814,fog,region-3,,fog_location-223,4,740,1000,8,,,98.29210890365609,476.94184581331626
815,fog,region-3,,fog_location-223,2,1048,1000,8,,,96.16019061266924,459.2945065344053
816,fog,region-3,,fog_location-223,4,527,1000,16,,,95.79187904040856,465.7385342810056
817,fog,region-3,,fog_location-224,4,748,1000,8,,,92.02286135480767,1010.585482784078
818,fog,region-3,,fog_location-224,4,794,1000,8,,,92.94841336244868,677.8146526854177
819,fog,region-3,,fog_location-224,2,1053,1000,8,,,89.5891316450038,566.8773011511926
820,fog,region-2,,fog_location-225,2,1004,1000,8,,,100.0,413.6122192578745
821,fog,region-2,,fog_location-225,2,1013,1000,8,,,97.60565246518928,553.9158728255875
822,fog,region-1,,fog_location-226,2,1163,1000,4,,,88.52477540364454,247.38079540351325
823,fog,region-1,,fog_location-226,2,1029,1000,4,,,97.62715011820984,248.38327576105883
824,fog,region-3,,fog_location-227,4,954,1000,16,,,91.89461127951596,491.72920611468373
825,fog,region-3,,fog_location-227,4,603,1000,8,,,93.96774270354794,441.6571166543564
826,fog,region-3,,fog_location-227,2,1111,1000,4,,,90.11108885911656,557.8621176525694
827,fog,region-0,,fog_location-228,2,1090,1000,8,,,100.0,330.7819895926036
828,fog,region-0,,fog_location-228,2,1061,1000,4,,,94.5991294481528,223.80380550591025
829,fog,region-0,,fog_location-228,2,943,1000,8,,,92.87845715509334,512.6163724313682
830,fog,region-0,,fog_location-228,4,841,1000,8,,,91.78739893834752,825.5337625796548
831,fog,region-1,,fog_location-229,2,1086,1000,4,,,97.43197366331904,433.1878748486156
832,fog,region-1,,fog_location-229,2,578,1000,8,,,95.71691282803565,262.5737559504856
833,fog,region-1,,fog_location-229,2,592,1000,4,,,100.0,470.45856607160135
834,fog,region-3,,fog_location-230,2,1177,1000,8,,,93.8787205198111,599.9542321444121
835,fog,region-3,,fog_location-230,4,1033,1000,8,,,95.32208211447085,408.14851774451154
836,fog,region-0,,fog_location-231,2,904,1000,8,,,100.0,200.25145168821007
837,fog,region-0,,fog_location-231,2,921,1000,4,,,94.69355217812137,332.53986786070584
838,fog,region-0,,fog_location-231,4,615,1000,16,,,98.2997498555671,1018.9414702092628
839,fog,region-0,,fog_location-231,4,809,1000,8,,,94.0477669623626,814.9608322232156
840,fog,region-3,,fog_location-232,2,933,1000,4,,,88.40114845013974,291.6111714013898
841,fog,region-3,,fog_location-232,2,801,1000,4,,,99.45286947512592,376.6179352602645
842,fog,region-0,,fog_location-233,2,906,1000,8,,,95.90533663853108,475.39341277638215
843,fog,region-0,,fog_location-233,4,894,1000,8,,,91.4088005568368,1020.6706648492886
844,fog,region-1,,fog_location-234,2,842,1000,4,,,97.8878178942428,485.42470033778295
845,fog,region-1,,fog_location-234,2,660,1000,8,,,93.61502461106484,448.1017569801471
846,fog,region-1,,fog_location-234,2,908,1000,4,,,94.1586165389203,497.8722321199656
847,fog,region-1,,fog_location-234,2,1158,1000,4,,,99.62992518368192,342.9802120703211
848,fog,region-2,,fog_location-235,4,517,1000,8,1884.6194929172252,5520.597015017414,86.514314674824,1049.5491661101214
849,fog,region-2,,fog_location-235,2,766,1000,4,,,100.0,547.6163957172396
850,fog,region-2,,fog_location-235,4,989,1000,8,,,93.416441396118,896.3858122556302
851,fog,region-1,,fog_location-236,4,579,1000,16,,,90.01832958230717,1097.9173608265287
852,fog,region-1,,fog_location-236,4,613,1000,8,,,96.32868318018762,1003.9382803097432
853,fog,region-3,,fog_location-237,4,959,1000,8,,,90.76566028999744,838.9732112216254
854,fog,region-3,,fog_location-237,4,1040,1000,16,,,89.42155987577527,754.07446420884
855,fog,region-3,,fog_location-237,2,507,1000,4,,,96.55285600439156,360.4681821189519
856,fog,region-0,,fog_location-238,4,913,1000,8,,,97.99029666599613,1083.959319545052
857,fog,region-0,,fog_location-238,4,962,1000,8,,,90.52150650525437,849.6205123877605
858,fog,region-0,,fog_location-239,4,647,1000,16,,,92.61564797719431,1145.1404078730566
859,fog,region-0,,fog_location-239,4,829,1000,8,,,97.08165936062684,764.2314156285292
860,fog,region-0,,fog_location-239,2,661,1000,8,,,97.9336467310011,411.9192412715513
861,fog,region-0,,fog_location-240,2,1086,1000,8,,,88.51031973751422,346.4177426469863
862,fog,region-0,,fog_location-240,2,830,1000,4,,,90.7839806972299,322.26419783715966
863,fog,region-0,,fog_location-240,4,1112,1000,16,,,90.01564198707992,1093.9444912416177
864,fog,region-0,,fog_location-241,4,654,1000,16,,,94.47745443002502,1049.96534761334
865,fog,region-0,,fog_location-241,4,914,1000,8,4316.7244974580435,3798.023045571196,95.74218208344332,795.4761864280788
866,fog,region-0,,fog_location-241,2,841,1000,8,,,100.0,248.74836248694163
867,fog,region-2,,fog_location-242,2,874,1000,4,,,96.9344398886658,530.8040172223751
868,fog,region-2,,fog_location-242,4,654,1000,16,,,95.72150528492276,514.1411235088652
869,fog,region-2,,fog_location-242,2,1152,1000,8,,,98.9448451404681,364.4131891399032
870,fog,region-0,,fog_location-243,2,567,1000,4,,,86.83763121554368,223.93988198244529
871,fog,region-0,,fog_location-243,4,988,1000,16,,,92.32626774679632,1175.0871998640116
872,fog,region-0,,fog_location-243,2,670,1000,8,,,95.25947315185743,503.31708533591086
873,fog,region-0,,fog_location-243,4,1172,1000,16,,,94.23557813378,1161.0066219006376
874,fog,region-2,,fog_location-244,2,831,1000,4,,,96.54817888951185,335.00479995207616
875,fog,region-2,,fog_location-244,4,1042,1000,16,,,99.3584291029995,483.7041277886715
876,fog,region-2,,fog_location-244,2,517,1000,8,,,92.12101947991,513.0460354055481
877,fog,region-2,,fog_location-244,2,1077,1000,4,,,95.78152832247392,406.5628722972922
878,fog,region-2,,fog_location-245,2,1183,1000,8,,,91.83539797682182,394.23651367151
879,fog,region-2,,fog_location-245,2,633,1000,4,,,93.81451426926014,558.2292672800359
880,fog,region-2,,fog_location-245,4,613,1000,8,,,97.06635946297052,446.0724534014792
881,fog,region-3,,fog_location-246,4,611,1000,16,,,100.0,853.5341101911301
882,fog,region-3,,fog_location-246,2,928,1000,4,,,94.8602554209356,534.1442972503944
883,fog,region-3,,fog_location-246,2,784,1000,4,,,91.36992379955022,223.38198134445256
884,fog,region-3,,fog_location-246,2,966,1000,4,,,97.86420957967026,384.9183872784412
885,fog,region-1,,fog_location-247,2,821,1000,8,,,97.0536758627239,486.5888815378452
886,fog,region-1,,fog_location-247,2,1128,1000,8,,,93.13666923635836,387.31183135797266
887,fog,region-1,,fog_location-247,4,1157,1000,8,,,93.37817115322927,677.4500272530233
888,fog,region-1,,fog_location-248,2,880,1000,8,308.11645555963946,2442.5350642238727,95.5143323907771,332.1600871330912
889,fog,region-1,,fog_location-248,4,556,1000,16,,,99.19618946086568,711.6874296574541
890,fog,region-1,,fog_location-248,2,747,1000,8,,,95.92315732334544,324.5903712543143
891,fog,region-3,,fog_location-249,4,539,1000,8,,,90.87516403211168,576.0404706610781
892,fog,region-3,,fog_location-249,2,552,1000,8,,,98.43308148100942,290.6876436202603
893,fog,region-3,,fog_location-249,4,582,1000,8,,,89.11610634114332,617.1635519043056
894,fog,region-0,,fog_location-250,2,583,1000,4,,,98.12746847420698,308.42875962185815
895,fog,region-0,,fog_location-250,4,964,1000,16,1013.067565735727,3386.8090146196632,100.0,1090.1213426442323
896,fog,region-0,,fog_location-250,2,622,1000,4,,,97.68030646932316,590.7325219708289
897,fog,region-1,,fog_location-251,2,803,1000,4,,,99.85298197657318,240.28678899754613
898,fog,region-1,,fog_location-251,2,983,1000,4,,,88.63649308704971,258.10365453505176
899,fog,region-1,,fog_location-251,2,1175,1000,4,,,95.49106827067132,217.52663230174224
900,fog,region-3,,fog_location-252,2,869,1000,4,,,97.85152772641506,492.7582054292924
901,fog,region-3,,fog_location-252,4,777,1000,16,,,96.69471865496136,702.9480360969621
902,fog,region-3,,fog_location-252,2,744,1000,8,,,100.0,421.87294038704886
903,fog,region-3,,fog_location-252,2,1030,1000,8,,,94.97643485780075,511.4022599377333
904,fog,region-3,,fog_location-253,4,743,1000,16,,,97.92353487116355,557.0548321635108
905,fog,region-3,,fog_location-253,4,1068,1000,8,,,95.12398107882612,979.1029449699648
906,fog,region-2,,fog_location-254,4,958,1000,16,,,99.1803428576054,704.8825972411659
907,fog,region-2,,fog_location-254,2,975,1000,4,,,91.32503840430108,499.59655296752
908,fog,region-2,,fog_location-254,4,908,1000,8,3153.1571314865405,4412.776510058152,94.03540683770358,580.9627376346542
909,fog,region-2,,fog_location-255,2,636,1000,4,,,95.00698927008015,236.69963338832537
910,fog,region-2,,fog_location-255,4,520,1000,16,,,98.90688277382606,1195.3641773029506
911,fog,region-2,,fog_location-255,4,859,1000,8,,,96.3354728444248,433.8984684753879
912,fog,region-2,,fog_location-255,4,1022,1000,16,,,98.15584259871358,973.3149681901884
913,fog,region-0,,fog_location-256,4,908,1000,8,,,94.90956622049649,1021.4773948315524
914,fog,region-0,,fog_location-256,4,746,1000,16,,,96.12150581884104,657.5825722586522
915,fog,region-0,,fog_location-257,4,1087,1000,16,,,90.84354255758018,494.0431256936969
916,fog,region-0,,fog_location-257,4,1004,1000,8,,,95.90030425899243,814.4427375911739
917,fog,region-0,,fog_location-257,2,790,1000,8,,,92.00018625266718,381.2244582743712
918,fog,region-0,,fog_location-257,4,783,1000,16,,,94.78493679353464,1068.0236158286266
919,fog,region-0,,fog_location-258,4,682,1000,16,,,92.6281444467623,851.4803037465308
920,fog,region-0,,fog_location-258,4,1123,1000,8,,,98.0,1164.491804076457
921,fog,region-0,,fog_location-258,4,995,1000,16,,,98.85660635007598,639.1247010179708
922,fog,region-3,,fog_location-259,2,862,1000,8,,,95.68466328203334,243.17929740695945
923,fog,region-3,,fog_location-259,4,925,1000,16,,,94.31081664203512,737.9534997636831
924,fog,region-3,,fog_location-259,4,574,1000,8,,,95.45382956197696,594.2284186800437
925,fog,region-3,,fog_location-259,4,1183,1000,8,,,93.78431050937292,471.2267153901311
926,fog,region-2,,fog_location-260,2,713,1000,8,,,92.03371070848772,457.4703594023673
927,fog,region-2,,fog_location-260,4,1178,1000,8,,,92.16075640288372,1042.212925457135
928,fog,region-1,,fog_location-261,4,920,1000,16,,,93.01793728524925,784.5693858339177
929,fog,region-1,,fog_location-261,4,1060,1000,16,5449.142395827013,1035.368436918835,98.3714458726228,1017.6455996543308
930,fog,region-0,,fog_location-262,2,1117,1000,8,,,91.12840153862892,405.1487670010731
931,fog,region-0,,fog_location-262,4,758,1000,8,,,90.55267805232536,430.2086125031737
932,fog,region-0,,fog_location-262,2,1052,1000,4,,,97.12822075124429,242.85204622679697
933,fog,region-0,,fog_location-262,4,550,1000,16,,,93.38232016405289,549.0671739145031
934,fog,region-0,,fog_location-263,4,844,1000,16,,,97.13375922766537,545.2369784414536
935,fog,region-0,,fog_location-263,4,859,1000,16,,,97.29505994610663,1024.4093961961491
936,fog,region-0,,fog_location-264,4,1181,1000,16,,,91.7269657821576,401.95007521366045
937,fog,region-0,,fog_location-264,4,1095,1000,16,,,96.04750243153576,738.344708601856
938,fog,region-0,,fog_location-265,2,1131,1000,8,,,99.89707766595934,387.3935361563291
939,fog,region-0,,fog_location-265,2,513,1000,8,,,91.58043775024356,322.9278592124439
940,fog,region-0,,fog_location-265,4,1063,1000,16,3424.7947041097423,3798.4048790680104,96.63663453874835,1031.2604226714368
941,fog,region-0,,fog_location-266,2,1168,1000,8,,,97.17456749423688,461.3700080784358
942,fog,region-0,,fog_location-266,2,513,1000,8,,,97.52708445632472,339.0671534869601
943,fog,region-0,,fog_location-266,4,890,1000,16,,,91.22160929668216,604.4009458406564
944,fog,region-0,,fog_location-266,2,854,1000,8,,,94.41338716129138,337.0668170515009
945,fog,region-2,,fog_location-267,2,541,1000,4,,,94.0170079094582,399.23839587961805
946,fog,region-2,,fog_location-267,4,646,1000,16,,,91.98885841558764,1177.5637880080865
947,fog,region-2,,fog_location-267,4,722,1000,8,,,93.23406030521627,625.4877104280564
948,fog,region-2,,fog_location-268,4,956,1000,16,,,95.58152678267206,1124.9627970490228
949,fog,region-2,,fog_location-268,4,847,1000,16,,,93.59053293786444,1130.671360431475
950,fog,region-3,,fog_location-269,4,601,1000,8,,,93.84656095919472,1167.5471804101032
951,fog,region-3,,fog_location-269,2,965,1000,4,,,96.47892182391465,422.1304790651609
952,fog,region-1,,fog_location-270,4,1166,1000,16,,,98.5658432131038,858.303049624623
953,fog,region-1,,fog_location-270,2,1184,1000,4,,,93.11683501562918,590.7327859917805
954,fog,region-1,,fog_location-271,2,731,1000,4,,,98.731139594067,330.38615484522524
955,fog,region-1,,fog_location-271,2,1079,1000,4,,,95.38310578438784,486.0139621105805
956,fog,region-0,,fog_location-272,4,763,1000,8,,,95.06331830089928,1003.3266629989008
957,fog,region-0,,fog_location-272,2,921,1000,4,,,94.40771984146352,283.52012327932556
958,fog,region-1,,fog_location-273,2,1020,1000,4,,,96.9475713185775,463.9289818541659
959,fog,region-1,,fog_location-273,2,734,1000,4,,,84.60275292056436,327.9672698292268
960,fog,region-1,,fog_location-273,4,851,1000,16,,,95.6397614170405,410.2415855513483
961,fog,region-1,,fog_location-273,2,1126,1000,8,,,95.8291108476776,399.0669822306026
962,fog,region-0,,fog_location-274,4,955,1000,8,,,95.73459708985452,1088.635880104509
963,fog,region-0,,fog_location-274,2,608,1000,8,,,95.8946576704269,557.8144683952962
964,fog,region-0,,fog_location-274,2,990,1000,4,,,94.68009723534225,338.2037062243906
965,fog,region-0,,fog_location-274,4,755,1000,16,,,93.1584718919004,1028.6244235810807
966,fog,region-2,,fog_location-275,2,958,1000,4,,,95.69204877721862,222.88635732121463
967,fog,region-2,,fog_location-275,2,1130,1000,4,,,90.45293083713976,465.9043165068904
968,fog,region-2,,fog_location-275,2,621,1000,8,,,92.85146337548696,551.7330116146394
969,fog,region-2,,fog_location-275,4,595,1000,16,,,94.50172022006208,1193.0521745129429
970,fog,region-2,,fog_location-276,4,1177,1000,16,,,98.0,423.9353933681771
971,fog,region-2,,fog_location-276,4,625,1000,8,,,92.65835523927164,787.728330374357
972,fog,region-2,,fog_location-276,2,825,1000,8,,,98.0,275.48790934614306
973,fog,region-2,,fog_location-276,2,709,1000,8,,,91.97858154000292,334.67642845768984
974,fog,region-2,,fog_location-277,2,619,1000,8,,,92.92372182495224,349.42338497956734
975,fog,region-2,,fog_location-277,4,785,1000,8,1670.11416177747,1630.0395841946715,90.60699992376092,443.1192015969174
976,fog,region-3,,fog_location-278,4,802,1000,16,,,95.22328434147104,515.1625777704885
977,fog,region-3,,fog_location-278,2,520,1000,8,,,94.64345967750567,574.5957416258973
978,fog,region-3,,fog_location-279,4,1126,1000,8,5845.1209643718075,3184.7731680284583,95.7896745000608,730.4401936694746
979,fog,region-3,,fog_location-279,4,653,1000,16,,,99.79670451060444,990.3027351577424
980,fog,region-0,,fog_location-280,2,1096,1000,4,,,100.0,471.7092073792799
981,fog,region-0,,fog_location-280,4,540,1000,16,,,92.77616898907117,864.2564544825586
982,fog,region-0,,fog_location-280,2,971,1000,8,,,95.48834583763352,466.0924473576214
983,fog,region-0,,fog_location-280,2,1041,1000,8,,,95.07574015858086,540.6069129461893
984,fog,region-3,,fog_location-281,4,510,1000,8,,,96.7680663100744,1114.8583022580528
985,fog,region-3,,fog_location-281,2,1199,1000,8,,,97.15315245957832,387.0268381044735
986,fog,region-3,,fog_location-281,4,956,1000,8,,,98.72893619228824,502.58579209690583
987,fog,region-3,,fog_location-282,2,637,1000,8,354.33407353373013,2943.473487531937,91.3533808679184,212.69411124147263
988,fog,region-3,,fog_location-282,2,1096,1000,8,,,94.9867629266928,584.7159436361749
989,fog,region-3,,fog_location-282,2,937,1000,8,,,88.95851090218868,468.1852553566203
990,fog,region-3,,fog_location-282,4,1101,1000,8,,,100.0,959.3873219734128
991,fog,region-2,,fog_location-283,2,614,1000,4,,,92.72542391917146,305.6275459435234
992,fog,region-2,,fog_location-283,2,977,1000,8,,,94.02941670672108,251.0643432850982
993,fog,region-2,,fog_location-283,4,616,1000,16,,,94.46808051796188,999.7509757304804
994,fog,region-0,,fog_location-284,4,855,1000,8,,,100.0,837.0123188545667
995,fog,region-0,,fog_location-284,4,819,1000,8,,,94.94604197524376,702.9384793605878
996,fog,region-0,,fog_location-284,4,805,1000,16,,,97.59884886078966,526.7295589827503
997,fog,region-1,,fog_location-285,4,722,1000,16,,,94.52533096604245,527.6106223538877
998,fog,region-1,,fog_location-285,2,1095,1000,8,1651.3029812699092,1613.0622357156917,94.69056829797772,208.3182989096727
999,fog,region-1,,fog_location-285,4,848,1000,8,,,90.382946086922,1049.446152353598
